tile_id,cement_prob,cement_uid,dist_m
WRS2-117031-03394,0.4557463824748993,CHN0427,456.1387264956169
WRS2-117031-13381,0.5777652859687805,CHN0870,512.1255951143204
WRS2-118029-06432,0.33260199427604675,CHN1057,701.8724905501026
WRS2-118029-13241,0.6543057560920715,CHN1059,94.57808563129726
WRS2-118030-02418,0.8972375988960266,CHN1061,321.76463813832993
WRS2-118030-02547,0.9405179023742676,CHN0424,34.954895931466176
WRS2-118030-10998,0.22615015506744385,CHN0426,713.1127680217772
WRS2-118030-13604,0.5006083846092224,CHN0178,474.47281259429667
WRS2-118030-16550,0.8506508469581604,CHN1063,504.3606856286102
WRS2-119033-04649,0.14406143128871918,CHN0481,803.1166451155412
WRS2-119033-04649,0.14406143128871918,CHN0914,833.3599051666818
WRS2-120027-13431,0.3463335633277893,CHN1236,710.0495209735194
WRS2-120027-13431,0.3463335633277893,CHN0334,229.91962910801783
WRS2-120037-01737,0.2475450187921524,CHN0025,643.3843522258572
WRS2-120037-01737,0.2475450187921524,CHN1216,529.6814162276384
WRS2-120038-12121,0.3909400403499603,CHN1216,258.56209919280656
WRS2-120038-16916,0.8494634628295898,CHN0064,370.69823017312126
WRS2-120038-19073,0.3005538284778595,CHN0025,449.95749793403576
WRS2-120043-03605,0.9001114964485168,CHN1238,239.72195556410597
WRS2-120043-06999,0.8820969462394714,CHN0272,120.36942290062335
WRS2-120043-07217,0.8199627995491028,CHN0907,341.0302906667765
WRS2-120043-11067,0.2507544755935669,CHN0190,669.2072108320134
WRS2-120043-18691,0.2597540020942688,CHN1108,613.3571804928132
WRS2-120043-19417,0.7611039876937866,CHN0207,542.39444366778
WRS2-120044-02828,0.4331816732883453,CHN0195,273.65097436204576
WRS2-121034-07351,0.7226991057395935,CHN0855,283.4558144187519
WRS2-121036-08030,0.2541659772396088,CHN1068,390.90871009436626
WRS2-121036-09966,0.6526449918746948,CHN1175,305.815182557866
WRS2-121042-11491,0.5046744346618652,CHN0822,565.7264962982349
WRS2-121043-03225,0.1945178508758545,CHN0503,522.4461430332328
WRS2-121043-16811,0.3028058111667633,CHN0927,598.658594952008
WRS2-122031-04706,0.2258281260728836,CHN1267,747.2995313580268
WRS2-122032-17245,0.2880788147449493,CHN1122,622.7740111847025
WRS2-122036-12133,0.957708477973938,CHN0746,387.7758418085633
WRS2-122036-14875,0.19555296003818512,CHN1160,711.9208432957632
WRS2-122036-19845,0.6051888465881348,CHN1161,499.75677411561634
WRS2-122037-03569,0.6207239627838135,CHN1225,458.5582089608683
WRS2-122037-15144,0.1073163077235222,CHN0011,873.5489283604949
WRS2-122037-18415,0.4180625975131989,CHN0341,573.2825767097773
WRS2-122037-22612,0.1813923269510269,CHN0960,523.6556234146653
WRS2-122039-00019,0.5262600779533386,CHN0350,532.4996047768458
WRS2-122039-00352,0.23083342611789706,CHN0072,767.767648076105
WRS2-122039-09219,0.3676307201385498,CHN0354,588.0215807979108
WRS2-122039-11494,0.21914580464363095,CHN0437,603.2962704637571
WRS2-122039-12903,0.7973440289497375,CHN0074,75.75011462764533
WRS2-122039-13625,0.8911308050155641,CHN1038,157.98549496110402
WRS2-122039-18383,0.5913539528846741,CHN1071,157.1242576227077
WRS2-123032-11953,0.19650624692440036,CHN0081,654.4652783018837
WRS2-123033-00963,0.7109386324882507,CHN1177,464.9093396976206
WRS2-123033-18497,0.2824816405773163,CHN0086,444.8098098577841
WRS2-124033-10895,0.23293088376522064,CHN0076,560.7187296226537
WRS2-124034-02989,0.7847281098365784,CHN0308,125.7771257927592
WRS2-124034-11795,0.20759986340999606,CHN0411,573.6862105174868
WRS2-124034-11795,0.20759986340999606,CHN1077,604.9180410251961
WRS2-124034-13001,0.8610191345214844,CHN0089,447.9528483098173
WRS2-124034-16333,0.7439521551132202,CHN1092,471.36220618122434
WRS2-124034-16989,0.35392245650291443,CHN0091,392.0017547764807
WRS2-124035-00023,0.8015414476394653,CHN0322,334.75228144940894
WRS2-124035-11674,0.30423563718795776,CHN0325,683.2388912042833
WRS2-124036-00219,0.7834171056747437,CHN1245,217.95003342151682
WRS2-124036-00719,0.8458430767059326,CHN0440,658.4514372579303
WRS2-124036-01212,0.8209282755851746,CHN1109,317.1165864017486
WRS2-124036-02499,0.9559511542320251,CHN0744,205.5582995503939
WRS2-124036-04617,0.9077781438827516,CHN0140,517.0905044322236
WRS2-124036-07724,0.9589923024177552,CHN0407,266.1334266858313
WRS2-124036-07989,0.1152394637465477,CHN1214,652.8877965952885
WRS2-124036-10409,0.9154328107833862,CHN1183,418.8160440344301
WRS2-124036-11075,0.9632390141487122,CHN0163,209.00267657880622
WRS2-124036-12682,0.8096670508384705,CHN0704,622.9887795017194
WRS2-124036-13665,0.5052760243415833,CHN1182,426.50673587872046
WRS2-124036-14289,0.35019850730896,CHN1180,604.938165331835
WRS2-124036-19238,0.17007948458194733,CHN0851,723.1121219571696
WRS2-124036-19705,0.31157296895980835,CHN0239,772.2529562154795
WRS2-124036-21576,0.11559745669364928,CHN1185,517.9056078041629
WRS2-124036-21783,0.3628464341163635,CHN0322,478.8876023824624
WRS2-124036-24261,0.8162165284156799,CHN0957,578.7225269066652
WRS2-124037-01110,0.4064552485942841,CHN1218,738.4595228519696
WRS2-124037-11432,0.7573802471160889,CHN1120,766.261596217681
WRS2-124037-14287,0.7816302180290222,CHN1114,567.8477213857724
WRS2-124037-15031,0.9562351107597352,CHN0744,205.5582995503939
WRS2-124037-15178,0.3549659550189972,CHN0918,597.2295095694186
WRS2-124037-16461,0.949999451637268,CHN0166,587.7714317183047
WRS2-124037-16705,0.91499125957489,CHN0140,517.0905044322236
WRS2-124037-16824,0.6039091348648071,CHN1103,570.2162345477624
WRS2-124037-18967,0.6913201808929443,CHN1181,477.57724755882947
WRS2-124037-21067,0.9449142813682556,CHN0736,307.9425810239789
WRS2-124037-21557,0.35955360531806946,CHN0867,463.1955986639548
WRS2-124038-01355,0.8326388001441956,CHN0357,264.62065149959074
WRS2-124038-04433,0.8466648459434509,CHN0977,383.5714984531949
WRS2-124038-05103,0.9290419816970824,CHN0114,203.47897786656958
WRS2-124038-06012,0.5601195693016052,CHN0918,509.81941729777316
WRS2-124038-09598,0.3708879351615906,CHN0994,649.8476085170006
WRS2-124038-11593,0.7823694944381714,CHN0995,289.78822433843385
WRS2-124038-15919,0.9078125357627868,CHN0793,400.4931694115153
WRS2-124038-17755,0.3111128807067871,CHN0935,514.900906721729
WRS2-124039-00973,0.9280652403831482,CHN0793,505.1013667533801
WRS2-124039-04483,0.3735780417919159,CHN0931,427.7548262513184
WRS2-124039-08196,0.40091899037361145,CHN0933,569.4342702530316
WRS2-124039-08843,0.47495383024215704,CHN0702,394.55736941082824
WRS2-124039-10626,0.9751994609832764,CHN0979,408.3069868164556
WRS2-124039-12346,0.885060727596283,CHN0114,341.2608326466616
WRS2-124039-13789,0.94379985332489,CHN1096,486.23945135678423
WRS2-124039-22875,0.4338093101978302,CHN0970,315.9367120867879
WRS2-124040-03431,0.9614407420158386,CHN0057,343.8301105938753
WRS2-124040-03582,0.8597941398620605,CHN1011,295.0451511346813
WRS2-124040-05648,0.30283474922180176,CHN0696,671.2636131070515
WRS2-124040-09351,0.2820460200309753,CHN1096,600.1918771342516
WRS2-124040-16297,0.6713080406188965,CHN0132,543.8833380200202
WRS2-124040-16491,0.9205383062362672,CHN1010,281.7832797555977
WRS2-124040-19485,0.5016086101531982,CHN1007,584.9933627361396
WRS2-124041-05396,0.8245109915733337,CHN0050,385.50881225477167
WRS2-124041-05824,0.3590638339519501,CHN0056,703.0975986442593
WRS2-124041-08131,0.7914931178092957,CHN1147,393.480995552696
WRS2-124041-08649,0.29677513241767883,CHN1230,375.44096941277087
WRS2-124041-11980,0.5155795812606812,CHN1009,492.17979947608853
WRS2-124041-12813,0.4486201107501984,CHN0169,557.6816162035378
WRS2-124041-18318,0.497211903333664,CHN0033,497.5953821445953
WRS2-124041-18969,0.7572441697120667,CHN1148,347.95291001202037
WRS2-124041-20311,0.9430100321769714,CHN1011,208.5234482887399
WRS2-124041-22408,0.7891274690628052,CHN0972,183.06094232124036
WRS2-124042-01982,0.668595552444458,CHN1024,674.3452779802017
WRS2-124042-02762,0.3870741128921509,CHN1229,536.3024116862315
WRS2-124042-11778,0.4240217506885529,CHN1230,677.8369218152332
WRS2-124042-15339,0.6481258273124695,CHN1013,517.1113285836067
WRS2-124042-16833,0.8704445362091064,CHN0371,566.0031790493242
WRS2-124042-17773,0.7813737392425537,CHN0033,430.83601242467813
WRS2-124043-04416,0.4221037328243256,CHN0146,551.937132632394
WRS2-124044-18545,0.6568663716316223,CHN0901,524.1355796827157
WRS2-124045-01798,0.3766637444496155,CHN0194,444.53415517558653
WRS2-124045-05340,0.3849080801010132,CHN1107,473.72641775066717
WRS2-124045-06868,0.4137466847896576,CHN0024,271.018377217025
WRS2-124047-09515,0.23895223438739774,CHN0703,440.1521620249104
WRS2-124047-10536,0.936227023601532,CHN1133,405.0717768430747
WRS2-124047-10536,0.936227023601532,CHN0201,436.1954123145529
WRS2-125032-09243,0.21846918761730194,CHN0412,768.5032737531842
WRS2-125032-09243,0.21846918761730194,CHN0917,717.0774951167493
WRS2-125032-16433,0.3681922554969788,CHN1266,437.94794389006853
WRS2-125033-01146,0.16009339690208435,CHN0434,679.766117938148
WRS2-125034-04857,0.963428556919098,CHN1146,156.98229571159123
WRS2-125034-18192,0.23769375681877136,CHN0433,15.074472189564
WRS2-125037-18310,0.4590442478656769,CHN1114,383.3307215004936
WRS2-125038-04861,0.3233402967453003,CHN0930,756.3261394611343
WRS2-125038-12637,0.13999050855636594,CHN0977,672.1543678610044
WRS2-125038-13769,0.07250351458787918,CHN0982,473.63577981594295
WRS2-127032-11751,0.13876187801361084,CHN0874,624.3454528166795
WRS2-127035-02882,0.4262899160385132,CHN0626,858.163565586637
WRS2-127035-08116,0.6863295435905457,CHN0620,435.8725702095156
WRS2-127035-08116,0.6863295435905457,CHN1137,435.9742128661674
WRS2-127036-18662,0.4873285591602325,CHN0620,397.99460987400175
WRS2-127036-18662,0.4873285591602325,CHN1137,387.3530469162839
WRS2-128036-01420,0.7674004435539246,CHN0586,650.8773835116396
WRS2-128036-14359,0.217246487736702,CHN0410,488.68029361618153
WRS2-128038-11413,0.5605226159095764,CHN0976,357.33766677057025
WRS2-128038-22252,0.9365354776382446,CHN0942,205.14815316412339
WRS2-128040-06404,0.2819666862487793,CHN1055,552.8838293063832
WRS2-128040-06714,0.3848332166671753,CHN1104,500.97899393834376
WRS2-128040-10105,0.9380536079406738,CHN0885,227.11562592666314
WRS2-128040-12349,0.6242278814315796,CHN0570,459.51838615679804
WRS2-128040-13217,0.506672203540802,CHN0464,341.67152154708884
WRS2-128040-14365,0.2037462294101715,CHN0223,319.16579515650903
WRS2-129038-08132,0.5672092437744141,CHN0659,316.9591904056858
WRS2-129039-10287,0.6113914251327515,CHN0660,368.82985795063973
WRS2-129039-18453,0.2464970648288727,CHN0073,686.4350587761847
WRS2-129039-20407,0.8708664774894714,CHN0138,457.21480190908653
WRS2-129040-00185,0.7035419344902039,CHN0885,313.20204368391813
WRS2-129040-03564,0.3616617321968079,CHN1255,457.5400294466144
WRS2-129040-06215,0.3457324206829071,CHN0464,575.6671386658634
WRS2-129040-10605,0.20067597925662994,CHN0643,404.85495706681144
WRS2-129040-13331,0.92900812625885,CHN0653,398.3876458803659
WRS2-129040-19424,0.22814708948135376,CHN0644,486.16925842156115
WRS2-129040-20751,0.5073736906051636,CHN0654,507.28062336353105
WRS2-129041-12759,0.5123633146286011,CHN1255,164.0272672724283
WRS2-129042-01861,0.2234417349100113,CHN0971,572.6707895230809
WRS2-131035-10557,0.4218766987323761,CHN0506,766.8152549285968
WRS2-132034-00357,0.7649354934692383,CHN0556,529.3986995195437
WRS2-143030-05856,0.38286811113357533,CHN0691,760.7822756179376
WRS2-144029-01772,0.2737147808074951,CHN1205,573.2898263904673
WRS2-115028-07611,0.8598396182060242,CHN0442,505.16111183857873
WRS2-115029-10544,0.34585902094841003,CHN0508,610.2571573820549
WRS2-116028-09004,0.8225225210189819,CHN0316,223.997241226446
WRS2-119031-09575,0.7892091274261475,CHN1152,270.94396851693375
WRS2-119032-14454,0.2693660259246826,CHN1224,487.2458133631051
WRS2-119032-16249,0.3984923958778381,CHN1223,548.0723748496064
WRS2-119033-02472,0.6519305109977722,CHN0233,651.8800127795325
WRS2-119034-00147,0.6414068937301636,CHN1192,744.6567308352253
WRS2-119034-01386,0.2728104293346405,CHN1131,503.2191076136853
WRS2-119039-01558,0.05393154919147492,CHN1049,601.1702545961977
WRS2-119039-11176,0.19288270175457,CHN1051,431.9369169099617
WRS2-119042-02131,0.8363745808601379,CHN0722,298.65691150819737
WRS2-119042-07299,0.5441455245018005,CHN0899,302.46845563594127
WRS2-119043-06958,0.8122656941413879,CHN1110,125.5047874724705
WRS2-119043-07981,0.4871752262115479,CHN0904,135.06421513052962
WRS2-120028-01338,0.5370041131973267,CHN1204,796.8445319055003
WRS2-120031-10347,0.409826785326004,CHN1117,611.1668091261597
WRS2-120032-13434,0.6935635805130005,CHN0880,803.1457097106154
WRS2-120035-04280,0.2568348348140717,CHN1125,490.4214634292172
WRS2-120035-05216,0.4027079641819,CHN0719,577.47570887067
WRS2-120035-14696,0.3358615636825561,CHN1126,732.1011069195557
WRS2-120035-15454,0.07072338461875917,CHN1123,857.9082053190671
WRS2-120038-16559,0.6463893055915833,CHN0763,257.0001995296559
WRS2-120038-23152,0.3144368529319763,CHN0487,506.8691947943282
WRS2-121028-07984,0.8200414776802063,CHN1236,344.9465965082033
WRS2-121028-07984,0.8200414776802063,CHN0334,631.0045685657958
WRS2-121029-03704,0.8916479349136353,CHN0863,405.9381465149054
WRS2-121030-01692,0.3847265839576721,CHN0863,678.5619973961841
WRS2-121034-00529,0.4361534416675568,CHN0593,420.14802736581896
WRS2-121034-03008,0.32021355628967285,CHN1191,674.4039526435062
WRS2-121034-05421,0.37060892581939703,CHN0709,548.878297665564
WRS2-121034-06732,0.4387155175209045,CHN0878,720.2563293931825
WRS2-121034-13183,0.09712572395801544,CHN0883,521.6864568761928
WRS2-121035-00256,0.5277519822120667,CHN0708,352.4339989730673
WRS2-121035-01992,0.3632671535015106,CHN0593,349.41598887954103
WRS2-121035-06391,0.3945076763629913,CHN0883,434.19166993599106
WRS2-121035-08356,0.9305300116539,CHN0046,180.46101961074007
WRS2-121035-09058,0.23807628452777865,CHN0709,633.0085797137534
WRS2-121035-10105,0.7341755032539368,CHN0856,515.5928510722857
WRS2-121035-12136,0.29557210206985474,CHN0855,701.3147562342672
WRS2-121035-18825,0.4559955894947052,CHN1139,382.48761231108404
WRS2-121035-26526,0.2306098490953445,CHN0184,619.6259646963209
WRS2-121036-00849,0.2714221775531769,CHN1226,413.29458315379276
WRS2-121036-06585,0.6574978828430176,CHN0815,396.80031754916195
WRS2-121036-16294,0.31276556849479675,CHN0134,497.58256411591407
WRS2-121036-17317,0.9483239054679872,CHN0746,217.59322189073677
WRS2-121036-18821,0.9313178658485411,CHN1160,460.53048707336404
WRS2-121037-01731,0.2379158586263657,CHN1159,426.6426511448812
WRS2-121037-02798,0.5387340784072876,CHN0129,515.6839677574569
WRS2-121037-03136,0.2619185745716095,CHN0005,534.9126795621002
WRS2-121037-08496,0.3542817533016205,CHN1202,249.10840139586452
WRS2-121037-11619,0.2940801680088043,CHN1160,683.424408107983
WRS2-121037-15741,0.4671866297721863,CHN1161,612.7972202536283
WRS2-121037-19854,0.4572705626487732,CHN0960,611.0731878172935
WRS2-121037-20259,0.33516353368759155,CHN0746,578.7619328778638
WRS2-121038-00205,0.3222376108169556,CHN0061,543.661836968656
WRS2-121038-00971,0.21634279191493988,CHN0763,498.6875198514683
WRS2-121038-02643,0.18224258720874786,CHN0692,562.0693793261551
WRS2-121038-04639,0.9565653204917908,CHN1258,383.227656798007
WRS2-121038-07657,0.3135437071323395,CHN0067,631.4126914934237
WRS2-121038-09947,0.9406316876411438,CHN0887,373.0639037068386
WRS2-121038-12167,0.7202193140983582,CHN0341,764.3945759168323
WRS2-121038-12448,0.9271522164344788,CHN0762,259.4985321893765
WRS2-121038-14072,0.4431841671466827,CHN0129,613.0269356828007
WRS2-121038-18175,0.15373429656028748,CHN0023,559.8882282440445
WRS2-121038-19736,0.4293336272239685,CHN0012,740.3541335571351
WRS2-121038-20944,0.3854300379753113,CHN0102,513.2305897030125
WRS2-121041-00919,0.4872332513332367,CHN1048,591.2731370953647
WRS2-121041-03473,0.9380369186401368,CHN0829,263.9286904942072
WRS2-121041-10108,0.4096275568008423,CHN1040,381.76879989327944
WRS2-121041-12862,0.24519023299217224,CHN1047,679.2300821962651
WRS2-121041-15093,0.6487598419189453,CHN0926,591.6308433174931
WRS2-121041-17357,0.6417770981788635,CHN1030,453.3223013476648
WRS2-121041-19919,0.7305504679679871,CHN1035,104.71286735729711
WRS2-121042-09505,0.9529697895050048,CHN0927,274.35308496463756
WRS2-121042-09672,0.2732844948768616,CHN0403,622.6399866863708
WRS2-121042-14668,0.7447057962417603,CHN0400,357.0475449534244
WRS2-121043-06774,0.6438041925430298,CHN0272,786.5865151217552
WRS2-121043-07385,0.5430474877357483,CHN1108,271.48222240465867
WRS2-122033-16821,0.3755620121955872,CHN1178,781.0100366949212
WRS2-122034-17780,0.3752345740795136,CHN0601,664.5811250391843
WRS2-122035-00975,0.2889716625213623,CHN0122,727.9009944537493
WRS2-122035-05765,0.1786736696958542,CHN0923,654.6538211339833
WRS2-122035-13522,0.5687627792358398,CHN1073,645.5852474848585
WRS2-122035-14979,0.4188309013843536,CHN0149,348.5174131615332
WRS2-122035-15312,0.4946160316467285,CHN0713,371.88078312012925
WRS2-122035-16076,0.1781691312789917,CHN0711,594.5758077079903
WRS2-122035-17371,0.2980057001113892,CHN0046,385.21036181879174
WRS2-122035-17753,0.38438743352890015,CHN1068,385.9197110765204
WRS2-122035-24501,0.12924747169017792,CHN0139,586.5582609805925
WRS2-122036-02670,0.4325782358646393,CHN0711,666.061927294301
WRS2-122036-02935,0.8589665293693542,CHN0815,443.4094238470984
WRS2-122036-03502,0.5232363343238831,CHN0134,751.2533933289192
WRS2-122036-13755,0.3245835304260254,CHN1176,475.25265083000875
WRS2-122036-17298,0.3323046863079071,CHN1175,594.0217437807281
WRS2-122036-17690,0.3313130438327789,CHN1073,647.7915352891725
WRS2-122036-23846,0.27092298865318304,CHN0149,528.197801750273
WRS2-122042-10528,0.3917826116085053,CHN0927,515.5025521269702
WRS2-122043-09311,0.4420488178730011,CHN0053,516.1504367475274
WRS2-122043-13014,0.7744812965393066,CHN0724,435.1927445061488
WRS2-122044-07989,0.9470864534378052,CHN0202,226.4594698079931
WRS2-122044-10984,0.8142333626747131,CHN0199,428.8580951819681
WRS2-122044-13585,0.5266900062561035,CHN0574,626.9138175806139
WRS2-123036-01906,0.5569360852241516,CHN1182,340.83474831081537
WRS2-123036-12265,0.23083242774009705,CHN1145,619.4945436711956
WRS2-123044-03459,0.8338678479194641,CHN0574,199.8083056264604
WRS2-123044-03712,0.21910147368907928,CHN1157,602.8994351975233
WRS2-123044-03804,0.5326945781707764,CHN0197,468.8868091301447
WRS2-123044-05008,0.9067109823226928,CHN0681,315.3837372223876
WRS2-123044-05618,0.7545937895774841,CHN0689,490.5107825288489
WRS2-123044-06968,0.522341251373291,CHN0679,352.4468637867003
WRS2-123044-10269,0.4037784039974213,CHN0906,462.1605362560348
WRS2-123044-10830,0.5900329947471619,CHN0283,583.3968796467418
WRS2-123044-14413,0.38661953806877136,CHN1158,464.5339218799987
WRS2-123044-20574,0.3369555175304413,CHN0054,554.1582986647738
WRS2-123044-21047,0.4056141972541809,CHN0013,452.2148512275217
WRS2-123045-11693,0.7339896559715271,CHN0986,393.770878189306
WRS2-124032-14870,0.3158146142959595,CHN0085,400.32556440968324
WRS2-124034-02716,0.2887391746044159,CHN1215,545.0471522229128
WRS2-124035-01179,0.4392402470111847,CHN0080,587.7610750029982
WRS2-124035-02022,0.2633541524410248,CHN0321,495.05275800928496
WRS2-124035-02202,0.22987671196460724,CHN0953,475.24112339249984
WRS2-124035-03408,0.4497433006763458,CHN0332,859.3553467359458
WRS2-124035-05621,0.8224881291389465,CHN0407,290.0687595796372
WRS2-124035-09879,0.34855782985687256,CHN0756,593.1247021258625
WRS2-124035-10191,0.551892876625061,CHN0745,326.74091969024624
WRS2-124035-12937,0.6779032349586487,CHN0868,284.8964026358502
WRS2-124035-18814,0.2406288683414459,CHN0121,662.5255581198277
WRS2-124036-02759,0.4292818307876587,CHN0332,627.9558747852878
WRS2-124036-05893,0.5092802047729492,CHN0741,599.9750061517657
WRS2-124036-12205,0.2781451642513275,CHN1072,486.95666909726344
WRS2-124036-18421,0.3461528420448303,CHN0406,336.92949151834364
WRS2-124036-18859,0.3691782355308533,CHN0879,247.948370418862
WRS2-124036-20083,0.4555750489234924,CHN1103,570.2162345477624
WRS2-124036-23449,0.735169529914856,CHN0078,466.88717072032466
WRS2-125035-16631,0.4916957318782806,CHN1064,642.6477740910115
WRS2-125037-02244,0.2147304713726044,CHN1212,628.0971890222677
WRS2-125037-06463,0.8438081145286559,CHN0999,447.18779435321716
WRS2-125037-11523,0.8384169340133667,CHN0736,281.0303131317613
WRS2-126034-04450,0.16218803822994232,CHN1195,391.994647989561
WRS2-126034-07351,0.8105171918869019,CHN0895,261.4210232304374
WRS2-127036-06075,0.4637928009033203,CHN0626,231.32282622970757
WRS2-127036-06688,0.9096805453300476,CHN0415,410.6962353285994
WRS2-127036-10415,0.3478821814060211,CHN1124,574.4140809312319
WRS2-127036-12958,0.6396901607513428,CHN1134,515.6110977973868
WRS2-127036-14808,0.7792446613311768,CHN1099,466.3956010273107
WRS2-127040-03074,0.9712162017822266,CHN0219,146.95489810699527
WRS2-127040-09984,0.2440908551216125,CHN0353,659.2297492790319
WRS2-128031-05592,0.9864624142646791,CHN0873,29.09778508577118
WRS2-128041-04201,0.8520480394363403,CHN0464,216.75001291235745
WRS2-128041-05017,0.5340522527694702,CHN1105,609.975124068991
WRS2-128042-01350,0.34655994176864624,CHN0805,544.4531260277408
WRS2-128042-05877,0.4273572862148285,CHN0944,618.358860026025
WRS2-128042-15119,0.7010012865066528,CHN1154,413.6860079028319
WRS2-128044-07356,0.4667614102363586,CHN0811,373.357626355001
WRS2-129038-04726,0.37041112780570973,CHN0130,561.6991004785865
WRS2-129038-05539,0.504427969455719,CHN0660,616.0533808219637
WRS2-129038-05803,0.6677231192588806,CHN0831,477.28445792710204
WRS2-130035-03933,0.3174838423728943,CHN0523,721.3926729850187
WRS2-130036-03755,0.3390503227710724,CHN0524,507.0992652207783
WRS2-131034-01935,0.2994705140590668,CHN0523,638.8306633991499
WRS2-131043-14607,0.2866721749305725,CHN1228,396.4625100135254
WRS2-138031-04839,0.825998842716217,CHN0684,610.9754500656604
WRS2-139030-04230,0.2368106842041016,CHN0684,641.0206743293171
WRS2-142029-03859,0.6002130508422852,CHN0687,675.9009610048608
WRS2-142030-06638,0.37481358647346497,CHN0687,784.1164968643712
WRS2-143030-07856,0.3879471123218536,CHN0685,906.2624195521925
WRS2-143031-08044,0.9015583992004396,CHN0685,395.56287452053624
WRS2-115030-01511,0.2776789665222168,CHN0418,761.5958885623843
WRS2-115030-05847,0.27799102663993835,CHN0780,848.7224632276958
WRS2-115031-02589,0.3535807430744171,CHN0418,408.8249539948913
WRS2-116027-07979,0.3012968599796295,CHN0316,564.2012926426216
WRS2-116029-05087,0.5775251984596252,CHN0508,524.7309430546188
WRS2-117028-05627,0.3976012468338013,CHN1058,613.6559224716026
WRS2-117028-11697,0.4613295197486877,CHN0425,704.6966486032208
WRS2-117030-06082,0.9365578293800354,CHN1061,350.25066132890527
WRS2-117030-07449,0.8162400126457214,CHN0424,643.6929627632308
WRS2-118027-01494,0.6870991587638855,CHN0420,711.6275254973893
WRS2-118029-04252,0.6480037569999695,CHN0421,177.00776124826578
WRS2-118030-04309,0.3747899532318115,CHN0087,817.1728618036251
WRS2-118031-03555,0.385006844997406,CHN0482,391.47954783854385
WRS2-118031-06283,0.4296108782291413,CHN0258,415.7761685078809
WRS2-118031-10150,0.3873772621154785,CHN0484,681.9494726907494
WRS2-118032-01751,0.24757365882396695,CHN0915,559.6248331827362
WRS2-118032-07082,0.8982834219932556,CHN0916,641.5501722147507
WRS2-118038-00173,0.4851407110691071,CHN0017,630.2195522372923
WRS2-118038-01921,0.25095903873443604,CHN0007,751.8794894889688
WRS2-118038-02448,0.3138951063156128,CHN0004,535.0078904968587
WRS2-118038-09742,0.3660527765750885,CHN0016,360.72589431652403
WRS2-118039-01305,0.4210800230503082,CHN0020,619.3908902567443
WRS2-118039-03093,0.9260715246200562,CHN1051,239.93616949275116
WRS2-118039-03166,0.45597720146179205,CHN1142,340.05697196637567
WRS2-118039-05202,0.36012789607048035,CHN0843,725.4779760184804
WRS2-118039-06056,0.17937281727790833,CHN1052,748.6672410539295
WRS2-118039-06240,0.22789882123470304,CHN0009,508.4388677350501
WRS2-118039-08285,0.5861912369728088,CHN1050,514.5709919626644
WRS2-118039-08404,0.3165532946586609,CHN1121,335.8791056448097
WRS2-118039-08711,0.2798400819301605,CHN0031,678.1269107783316
WRS2-118039-08803,0.1657213568687439,CHN0913,613.7099391624323
WRS2-118039-08994,0.21365486085414886,CHN0007,331.93564499032925
WRS2-118039-12462,0.9778625965118408,CHN0517,302.6616927739627
WRS2-118039-12509,0.4097630977630615,CHN0950,631.8108347947258
WRS2-118040-01756,0.372535765171051,CHN1164,433.6527833644083
WRS2-118040-11060,0.4884139895439148,CHN0015,432.68288697864784
WRS2-118040-11349,0.44513678550720215,CHN1231,328.03405048374526
WRS2-118040-12545,0.4817315936088562,CHN1244,645.1891546997157
WRS2-118040-14646,0.468031108379364,CHN0031,492.471677084238
WRS2-118041-02418,0.3289667069911957,CHN1231,280.39515185058207
WRS2-119030-01323,0.4246052503585816,CHN0782,706.6479942692757
WRS2-119031-02779,0.6081212162971497,CHN1090,276.66933547698625
WRS2-119031-03902,0.6460844278335571,CHN1174,371.59409903645394
WRS2-119031-04547,0.5181661248207092,CHN1065,707.1418774969834
WRS2-119031-05398,0.5542805790901184,CHN0413,338.2789309132427
WRS2-119031-05817,0.3032131493091583,CHN0738,499.6479499808982
WRS2-119031-06415,0.3546085059642792,CHN0258,652.5279842414817
WRS2-119031-06428,0.18756456673145291,CHN1091,869.6743896201988
WRS2-119031-06604,0.7419453859329224,CHN0482,299.91086871905725
WRS2-119031-06651,0.3567549586296081,CHN0717,470.433863556271
WRS2-119031-07727,0.9091391563415528,CHN0485,631.6213197558634
WRS2-119031-09181,0.3841366767883301,CHN0484,492.68978289279255
WRS2-119031-09703,0.5907123684883118,CHN0545,272.923737883777
WRS2-119031-12335,0.9319774508476256,CHN1150,353.98735717168813
WRS2-119031-16180,0.3124125599861145,CHN0782,224.8271515631753
WRS2-119031-16627,0.7452912330627441,CHN0414,76.07306181828007
WRS2-119031-16775,0.7802662253379822,CHN1117,394.9886948098155
WRS2-119031-19670,0.6221256852149963,CHN1151,439.3241451481097
WRS2-119032-06458,0.582351803779602,CHN0413,389.1112727415522
WRS2-119032-11899,0.9032549262046814,CHN0949,338.76614255145927
WRS2-119032-16208,0.9756313562393188,CHN0233,145.2214037711948
WRS2-119032-16965,0.25789308547973633,CHN1117,600.0597486513982
WRS2-119033-03437,0.568473756313324,CHN0231,673.8492138907703
WRS2-119033-05639,0.3836005926132202,CHN0716,482.841483476739
WRS2-119038-05591,0.4323723316192627,CHN1216,666.1147522092488
WRS2-119038-10939,0.3368332087993622,CHN0008,291.8947069507501
WRS2-119038-16416,0.973806619644165,CHN0016,344.8662616392435
WRS2-119038-19588,0.3540830612182617,CHN1051,665.3220904715911
WRS2-119038-19655,0.08208121359348297,CHN1052,123.44060720208942
WRS2-119038-21209,0.16406263411045074,CHN0975,452.9759212590255
WRS2-119038-21261,0.34525495767593384,CHN0025,521.1309857818395
WRS2-119038-22539,0.1192256286740303,CHN0017,760.9574086529539
WRS2-119039-10065,0.2747015357017517,CHN1247,619.6389331116762
WRS2-119039-18032,0.2408704310655594,CHN1239,365.6269530167453
WRS2-119039-23149,0.28152891993522644,CHN1050,478.1381635134788
WRS2-119039-23469,0.418554037809372,CHN0171,53.461249549830015
WRS2-120031-00825,0.3132478892803192,CHN0880,551.2913911434828
WRS2-120031-20928,0.4295717179775238,CHN1118,637.7044081180976
WRS2-120032-00130,0.9449596405029296,CHN0716,161.3685743851319
WRS2-120032-00485,0.4000757038593292,CHN1224,649.4724551691781
WRS2-120032-03617,0.6355763673782349,CHN1223,670.253051394243
WRS2-120032-04762,0.10589531064033507,CHN0742,773.1482171452647
WRS2-120032-10574,0.5357275009155273,CHN1118,863.7905700295056
WRS2-120032-11479,0.1631438285112381,CHN0233,830.476012742849
WRS2-120033-00494,0.32095232605934143,CHN0481,670.2515560174164
WRS2-120033-00494,0.32095232605934143,CHN0914,698.4322029594999
WRS2-120033-02028,0.8894621133804321,CHN0742,479.0097589864596
WRS2-120034-02628,0.6114127039909363,CHN1126,665.4916284049813
WRS2-120034-03789,0.6142299771308899,CHN1127,666.1672751633514
WRS2-120034-07735,0.5066795945167542,CHN0229,619.6967420031796
WRS2-120035-00778,0.5625616908073425,CHN1127,542.7796789342204
WRS2-120035-04848,0.9013505578041076,CHN1140,610.9461708753279
WRS2-120035-13611,0.5193787217140198,CHN1139,352.0773091614413
WRS2-120036-00141,0.3261231780052185,CHN1088,384.30441988522455
WRS2-120036-04375,0.25231683254241943,CHN1207,703.8022327037133
WRS2-120036-06333,0.8287021517753601,CHN1129,204.95006683713044
WRS2-120037-04015,0.28799158334732056,CHN0776,531.5210566616129
WRS2-120037-04611,0.6449307799339294,CHN1026,411.5638296674226
WRS2-120037-06001,0.2328910976648331,CHN0030,558.9647465250757
WRS2-120037-13981,0.7883000373840332,CHN0028,87.67878965374928
WRS2-120038-02155,0.2634235620498657,CHN1258,809.4117402143829
WRS2-120038-06132,0.32666245102882385,CHN0061,519.7594671096888
WRS2-120038-06539,0.4564587771892548,CHN0776,204.03884585400672
WRS2-120038-09529,0.895817220211029,CHN0887,202.82526676975908
WRS2-120038-10534,0.3453193008899689,CHN0390,728.7285141512241
WRS2-120038-10894,0.35588687658309937,CHN0891,638.1348366951778
WRS2-120038-12512,0.3207562267780304,CHN1246,576.7355894929102
WRS2-120038-13132,0.9110981225967408,CHN0067,309.707666451944
WRS2-120038-13952,0.9325515627861024,CHN0032,331.98773623218983
WRS2-120038-14081,0.8607380986213684,CHN0698,569.6176247163459
WRS2-120038-14482,0.6341713666915894,CHN0726,586.8809660601476
WRS2-120038-14905,0.16833002865314484,CHN0188,492.36064348495137
WRS2-120038-15239,0.44008341431617737,CHN0129,762.5400519009536
WRS2-120038-15768,0.8615514039993286,CHN0155,604.5790833401844
WRS2-120038-16825,0.9750805497169496,CHN1112,161.37712700171107
WRS2-120038-18414,0.9474244713783264,CHN0034,383.1814348040869
WRS2-120038-18911,0.493829220533371,CHN0762,469.6009195687029
WRS2-120038-21368,0.9521387219429016,CHN0385,148.0607344855377
WRS2-120038-21544,0.9189659357070924,CHN0102,203.96346278518126
WRS2-120038-24116,0.7804095149040222,CHN0537,572.8143300370008
WRS2-121029-07132,0.5386142730712891,CHN1075,498.04886544644955
WRS2-121030-01569,0.7790704369544983,CHN1188,737.1756807950728
WRS2-121031-03677,0.15608856081962585,CHN0103,266.7429727383147
WRS2-121031-09768,0.19130975008010864,CHN0880,748.2251371309085
WRS2-121032-10001,0.23098082840442655,CHN0563,637.6282960877697
WRS2-121034-01182,0.8361244797706604,CHN0601,353.80703286474557
WRS2-121034-02420,0.8362671732902527,CHN0938,119.51815653290822
WRS2-121034-03177,0.3999868333339691,CHN0177,250.49314380779734
WRS2-121034-07839,0.5372097492218018,CHN1074,781.7776989435641
WRS2-121035-02189,0.8910793662071228,CHN0136,119.51150770012107
WRS2-121035-05337,0.4238132536411285,CHN1210,452.96743878307535
WRS2-121035-08351,0.31041041016578674,CHN1221,316.7243785131858
WRS2-121035-14094,0.19989848136901853,CHN0128,536.4093343319641
WRS2-121035-17831,0.7749901413917542,CHN0177,365.3873577447199
WRS2-121035-18737,0.1148669496178627,CHN0719,766.0625648106525
WRS2-121035-22188,0.9383546113967896,CHN0601,79.63586470094799
WRS2-121035-22563,0.2471228837966919,CHN1227,533.3588347094425
WRS2-121035-25066,0.3842035233974457,CHN0720,655.7517066434274
WRS2-121035-26710,0.331154465675354,CHN1248,298.02121337184184
WRS2-121036-01834,0.3237345814704895,CHN1176,589.0689920889714
WRS2-121036-01954,0.16779035329818726,CHN0046,777.2832700337087
WRS2-121036-13451,0.3519573509693146,CHN0136,774.6464272355003
WRS2-122028-08899,0.2963252365589142,CHN1014,689.8510562337899
WRS2-122030-10368,0.3682375550270081,CHN1267,856.8433071931228
WRS2-122030-11342,0.5169214010238647,CHN0863,606.0563180048234
WRS2-122032-04982,0.4293060302734375,CHN1060,369.67701711771605
WRS2-122032-05831,0.7469152212142944,CHN1265,503.6256495029752
WRS2-122032-10233,0.7899296879768372,CHN1168,599.9994075503355
WRS2-122032-11498,0.1445527821779251,CHN0409,658.6666507450288
WRS2-122032-12450,0.7440662980079651,CHN0888,639.9500235962187
WRS2-122032-16692,0.9013087153434752,CHN0733,99.92127646763875
WRS2-122032-16692,0.9013087153434752,CHN1169,102.78721367343287
WRS2-122032-19171,0.4640137851238251,CHN1167,415.31845447922626
WRS2-122032-19659,0.3483418822288513,CHN1264,366.92037525650915
WRS2-122032-23681,0.8748033046722412,CHN1166,674.5516406130223
WRS2-122032-23710,0.5050372481346129,CHN0884,651.2373442807672
WRS2-122033-01106,0.22661614418029785,CHN1179,360.3373346745245
WRS2-122033-15663,0.8146587610244751,CHN0092,700.3263230056797
WRS2-122034-05137,0.6817348599433899,CHN0878,240.54612063487633
WRS2-122034-07171,0.3664955496788025,CHN0593,478.57395935873586
WRS2-122034-11671,0.44267213344573975,CHN1248,368.36659344740445
WRS2-122034-12298,0.2953943908214569,CHN1074,310.17251239854903
WRS2-122034-12550,0.924897313117981,CHN1141,98.29675286711705
WRS2-122034-14272,0.458247423171997,CHN0856,680.5979859974143
WRS2-122034-17490,0.7583465576171875,CHN0720,396.5335010115489
WRS2-122035-02893,0.5986467003822327,CHN1261,316.780268478253
WRS2-122035-03360,0.3824147880077362,CHN0710,640.1565864187846
WRS2-122035-13538,0.2921738624572754,CHN0175,611.9137089731797
WRS2-122035-14772,0.6242562532424927,CHN1248,147.99301319275395
WRS2-122035-15097,0.25240516662597656,CHN1162,648.1020521134964
WRS2-122035-15346,0.4335567951202393,CHN0856,604.7809571897258
WRS2-122035-15542,0.340857595205307,CHN0720,583.0418724092259
WRS2-122035-22403,0.4614592492580414,CHN0706,650.161269656699
WRS2-122036-05635,0.7778275012969971,CHN0890,442.09278163231113
WRS2-122045-05284,0.4242595434188843,CHN0026,348.0574985860135
WRS2-123029-03620,0.12798713147640228,CHN0869,756.7350885073803
WRS2-123030-04245,0.8492574691772461,CHN0869,233.8604230729821
WRS2-123032-00299,0.39390093088150013,CHN0086,479.3546902078316
WRS2-123032-03689,0.4209804832935333,CHN0083,499.42206563028657
WRS2-123032-13813,0.8550814390182495,CHN0077,346.9703236207533
WRS2-123032-16808,0.25995221734046936,CHN1132,670.4847439736634
WRS2-123032-21764,0.8059976100921631,CHN0082,604.7195387990625
WRS2-123033-00991,0.2679150998592377,CHN0076,697.3110907307283
WRS2-123033-04139,0.6497707366943359,CHN0082,523.8958333134275
WRS2-123033-20155,0.1904161423444748,CHN0092,605.9628488943997
WRS2-123034-09103,0.22737883031368256,CHN0943,774.5563322330734
WRS2-123034-17251,0.5297393202781677,CHN0127,564.4118050978215
WRS2-123039-04987,0.6111668348312378,CHN0978,477.86670571826045
WRS2-123039-17632,0.9628784656524658,CHN0042,278.3565035435358
WRS2-123045-02846,0.3688934147357941,CHN1107,503.2907844889848
WRS2-123045-04090,0.4154346287250519,CHN0499,610.5256859794752
WRS2-123045-07589,0.4047715961933136,CHN0054,615.3496796975263
WRS2-123045-09114,0.48481869697570795,CHN0906,305.3176182473038
WRS2-124032-08754,0.7557701468467712,CHN0077,716.7908915016413
WRS2-124032-11747,0.5888047814369202,CHN0086,329.90196579702416
WRS2-124032-15704,0.9229533076286316,CHN0093,337.02829124890826
WRS2-124032-16400,0.4205566942691803,CHN1237,781.6928718007333
WRS2-124033-00434,0.3924417197704315,CHN0308,330.1962650531012
WRS2-124033-10309,0.8732720017433167,CHN0956,416.82074090744493
WRS2-124033-10328,0.27316346764564514,CHN0542,373.0585037120721
WRS2-124033-12173,0.14143289625644684,CHN1095,637.9832053898207
WRS2-124033-13546,0.41248080134391785,CHN0309,613.9584664526288
WRS2-124033-15146,0.5405010581016539,CHN0091,677.9945296828754
WRS2-124034-00653,0.8387126922607422,CHN0956,719.744544433067
WRS2-124034-05704,0.16695667803287506,CHN0309,727.3515690704893
WRS2-124034-06222,0.3217600882053375,CHN0542,258.5226880159438
WRS2-124034-09707,0.6700316667556763,CHN1250,606.117569820446
WRS2-124034-14050,0.4241985380649567,CHN0158,602.3432695342733
WRS2-124034-17034,0.9043707251548768,CHN1209,431.05173001912516
WRS2-124044-00468,0.7910566329956055,CHN0047,264.21245697226567
WRS2-124044-07338,0.3915274739265442,CHN0212,515.3853552631658
WRS2-124044-09219,0.4965875148773194,CHN0209,750.5541726582751
WRS2-124044-16350,0.4620710909366608,CHN0191,677.1970723919694
WRS2-124044-17099,0.4346355199813843,CHN0939,590.2874354212347
WRS2-124044-17977,0.2156846225261688,CHN0044,631.3556231150246
WRS2-124045-03258,0.5609239935874939,CHN0213,384.4830559788653
WRS2-124045-08869,0.2684148252010345,CHN0499,481.57911155570787
WRS2-125034-11238,0.6045240759849548,CHN1215,490.996146265263
WRS2-126032-14004,0.6505096554756165,CHN0434,581.482051564208
WRS2-126032-14546,0.4834684431552887,CHN1020,604.915859251012
WRS2-126033-12413,0.7454217672348022,CHN0434,855.0991278891564
WRS2-126033-16085,0.23528708517551425,CHN1083,708.1680218538964
WRS2-126034-00542,0.17015816271305084,CHN1083,644.394060336519
WRS2-126035-12595,0.7156167030334473,CHN1064,565.3449220877852
WRS2-126036-06985,0.8342973589897156,CHN0625,399.6991867446223
WRS2-126037-01578,0.9026764035224916,CHN0624,218.99440839745807
WRS2-126037-04354,0.2898750007152557,CHN0625,612.3772441049227
WRS2-127031-02457,0.820963978767395,CHN0873,425.1899896186167
WRS2-127032-11028,0.5081488490104675,CHN1020,380.4557178771421
WRS2-127032-15013,0.9585466384887696,CHN1019,112.03209736953586
WRS2-127034-02245,0.19273829460144046,CHN1195,391.994647989561
WRS2-127036-01983,0.3844088613986969,CHN0589,484.1977279708133
WRS2-127036-07108,0.8547192811965942,CHN1136,516.1387857016439
WRS2-127036-07249,0.25376719236373896,CHN0625,612.3772441049227
WRS2-127036-07397,0.2086208164691925,CHN1138,772.0833861085158
WRS2-127036-07778,0.647911012172699,CHN1062,458.37529365106303
WRS2-127036-07778,0.647911012172699,CHN0582,468.0967331347025
WRS2-127036-08173,0.8700842261314392,CHN1259,401.02111867607067
WRS2-127036-11839,0.5568884015083313,CHN1260,311.84710954100666
WRS2-127036-17619,0.4838327467441559,CHN0871,787.746034579469
WRS2-127036-19508,0.26812511682510376,CHN0586,749.6702911457185
WRS2-127037-01922,0.23687401413917544,CHN0624,709.7686460145113
WRS2-127037-02750,0.4775464236736298,CHN0954,569.2473446820203
WRS2-127037-06125,0.07255754619836807,CHN1144,835.4694343586693
WRS2-127037-11318,0.2409772723913193,CHN0629,474.6341060723475
WRS2-127037-14010,0.7997534871101379,CHN0865,607.3787324177523
WRS2-127038-22154,0.8730988502502441,CHN0997,265.86991252253046
WRS2-127039-00012,0.3556444048881531,CHN0651,559.4448809175667
WRS2-127039-01158,0.6202229857444763,CHN0976,386.14229104082864
WRS2-127039-05694,0.6091352701187134,CHN0222,710.4417720412612
WRS2-127039-05830,0.9318116307258606,CHN1171,181.01708118570207
WRS2-127039-05830,0.9318116307258606,CHN0547,174.46846954262165
WRS2-127039-06834,0.19308939576148987,CHN1172,567.6115295317426
WRS2-127039-06834,0.19308939576148987,CHN0646,540.7958658562109
WRS2-127039-07356,0.2716560959815979,CHN0220,696.5977476813757
WRS2-127039-11149,0.6461869478225708,CHN0353,495.18128546654526
WRS2-127039-13222,0.4569973647594452,CHN0640,440.2350411626252
WRS2-127039-13857,0.8555669188499451,CHN0051,178.9466182417259
WRS2-127039-15027,0.7843141555786133,CHN0910,607.5405722855741
WRS2-127039-19736,0.7367002964019775,CHN1086,374.80106593172195
WRS2-127039-20983,0.24428842961788175,CHN0647,216.49838170700798
WRS2-127039-21545,0.7691834568977356,CHN0656,326.9370233348089
WRS2-127039-21944,0.51113361120224,CHN0830,723.6547165240048
WRS2-128032-06366,0.905431866645813,CHN1019,194.25893475880656
WRS2-128032-08883,0.14651113748550415,CHN0875,638.1807475778437
WRS2-128032-10589,0.800833523273468,CHN0874,588.3804412747759
WRS2-128042-01106,0.484889805316925,CHN0465,160.33396181520789
WRS2-128042-04175,0.4799199402332306,CHN0892,395.6684385967873
WRS2-128042-08179,0.5050541758537292,CHN0998,334.89494991298614
WRS2-128042-16057,0.2770524621009827,CHN0946,307.86563686946425
WRS2-128043-12454,0.3760198950767517,CHN0998,481.9865265637475
WRS2-129042-13432,0.4280412793159485,CHN0805,384.3298387908619
WRS2-129043-11894,0.9403735399246216,CHN0448,35.34614209678792
WRS2-130033-00402,0.4238065183162689,CHN1263,614.790511963595
WRS2-130033-05362,0.7603942155838013,CHN1116,425.8628080164747
WRS2-130033-05362,0.7603942155838013,CHN1115,440.2864547517619
WRS2-130034-00900,0.1521545797586441,CHN1263,720.1724198969009
WRS2-130034-04104,0.9435086250305176,CHN0520,243.44972872380353
WRS2-130034-04272,0.6629273295402527,CHN0528,319.6564016441961
WRS2-130034-05076,0.3829681575298309,CHN0518,503.8674109836261
WRS2-130038-03894,0.5788536667823792,CHN0451,622.966814016439
WRS2-130038-05590,0.4890554845333099,CHN0073,530.1914812246457
WRS2-130038-07164,0.5543934106826782,CHN0660,356.8824200173262
WRS2-130038-09559,0.37924081087112427,CHN0138,177.3181514659902
WRS2-130039-02196,0.17145223915576935,CHN0676,649.526171082684
WRS2-130039-07316,0.7587885856628418,CHN0650,688.2795843475445
WRS2-130039-08991,0.2673904895782471,CHN0138,353.50673288443573
WRS2-130039-09996,0.6381028890609741,CHN0073,534.1176032373725
WRS2-130039-10043,0.6474598050117493,CHN0451,660.6815116659978
WRS2-130039-11667,0.4699897766113281,CHN0644,312.2211074746296
WRS2-130039-13040,0.3594130873680115,CHN0654,643.2727212521291
WRS2-130039-15090,0.4684182703495026,CHN0643,469.2927615592893
WRS2-130039-15483,0.18523083627223969,CHN0662,443.0657520565531
WRS2-130040-06159,0.4706404209136963,CHN0654,599.5258643815818
WRS2-130040-08359,0.2170531153678894,CHN0644,428.3523625628755
WRS2-130040-08622,0.19984878599643707,CHN0662,471.7856228235516
WRS2-130040-10141,0.3676775097846985,CHN0643,721.2218298156064
WRS2-130041-11865,0.8981882929801941,CHN0661,41.539067347796774
WRS2-130042-00138,0.3462343215942383,CHN0466,504.08083958443046
WRS2-130042-04692,0.44474437832832336,CHN0988,333.6834101824875
WRS2-130042-04692,0.44474437832832336,CHN0463,339.39415797089873
WRS2-130042-06064,0.47551614046096796,CHN0661,332.1600647089917
WRS2-130042-08751,0.38278090953826893,CHN1119,590.4648071379108
WRS2-130043-02045,0.4255407154560089,CHN0967,581.2850216690377
WRS2-130043-03983,0.7322185635566711,CHN0988,257.801154749659
WRS2-130043-03983,0.7322185635566711,CHN0463,240.3110463625451
WRS2-130045-08271,0.9240413308143616,CHN0969,311.7795167624794
WRS2-131034-10451,0.9503632187843324,CHN1084,111.96880292438468
WRS2-131035-13473,0.3668008148670197,CHN0523,776.7863185528248
WRS2-131039-09268,0.4290024936199188,CHN0662,255.09697516945306
WRS2-131041-08250,0.7431944608688354,CHN0466,471.7695537670667
WRS2-131041-08622,0.8846199512481691,CHN0908,485.5041032431566
WRS2-131042-00697,0.9244163632392884,CHN1252,334.4809402584379
WRS2-131042-08080,0.4366105198860169,CHN0466,660.2121374204235
WRS2-131042-10739,0.970799684524536,CHN0908,274.47902751806475
WRS2-131042-11390,0.12454281002283095,CHN0903,476.40017588536307
WRS2-131042-12090,0.3253286480903625,CHN1228,472.24503395668415
WRS2-131043-10919,0.201395183801651,CHN0903,439.1332027533333
WRS2-131043-11872,0.4679370522499085,CHN0454,480.42355713188005
WRS2-131044-04300,0.2423929572105408,CHN0454,615.5120454189422
WRS2-132041-05442,0.7568492889404297,CHN0968,393.3665317487117
WRS2-132042-00003,0.8075933456420898,CHN1228,500.8972321989478
WRS2-132042-05328,0.36856463551521296,CHN0449,558.1812084542775
WRS2-132043-03184,0.938212513923645,CHN1222,456.505138834313
WRS2-132043-10269,0.8656844496726991,CHN1101,534.0585392689992
WRS2-133043-00506,0.7442075610160828,CHN1222,712.237927935284
WRS2-137040-06662,0.19729098677635196,CHN0346,545.4886022494569
WRS2-138030-05664,0.2253619730472565,CHN0684,629.450642832716
WRS2-142030-07199,0.7377915978431702,CHN0691,384.90906758471226
WRS2-145031-01034,0.9206786751747132,CHN1079,350.49967464991784
