tile_id,scene_cloud_pnt,scene_group,max_cloud_cover,cement_prob,cement_uid,dist_m
MGRS-44TPM-0294,0.512785,1,5,0.4950421452522278,CHN1079,915.6047643561722
MGRS-45TVG-0022,0.48758,1,5,0.1555444896221161,CHN0685,1741.6857155560333
MGRS-45TWJ-0287,0.473045,1,5,0.6156815886497498,CHN0687,456.50413140098624
MGRS-45TWJ-0409,0.473045,1,5,0.10056968778371812,CHN0691,818.6975573201381
MGRS-46TEN-0208,0.045159,1,5,0.13171355426311493,CHN0684,2030.1525129862623
MGRS-46TEN-0405,0.045159,1,5,0.0956861823797226,CHN0951,1795.0059280187459
MGRS-46TFN-0243,0.044633,1,5,0.2629817426204681,CHN0951,1224.8685152730848
MGRS-47QNG-0836,4.73996114730835,1,5,0.1223273053765297,CHN0454,1287.5889383057338
MGRS-47QPF-0722,0.6767460107803345,1,5,0.05174475908279419,CHN0680,1483.1743365869938
MGRS-47RLH-0193,0.7314590215682983,1,5,0.05281166359782219,CHN1222,1949.9921672427188
MGRS-47RMH-0341,3.994786024093628,1,5,0.9738811254501344,CHN1101,570.818643535393
MGRS-47RPJ-0443,1.061732,1,5,0.04225857555866242,CHN1252,1288.77833431537
MGRS-47RPJ-0871,1.061732,1,5,0.044188950210809715,CHN0903,1687.0900526291146
MGRS-47RPK-0258,0.150013,1,5,0.7227571606636047,CHN0908,694.9192126487812
MGRS-47RQH-0288,0.09790600091218947,1,5,0.02938386611640453,CHN0967,1345.4835685141659
MGRS-47RQK-0318,0.370234,1,5,0.02353869378566742,CHN0466,1267.5616047643016
MGRS-47RQK-0449,0.370234,1,5,0.07650630176067352,CHN1119,1253.0481949687462
MGRS-47RRH-0047,0.2629599869251251,1,5,0.17110806703567505,CHN0988,1005.8757075533028
MGRS-47RRH-0047,0.2629599869251251,1,5,0.17110806703567505,CHN0463,1007.4346382829137
MGRS-47RRH-0235,0.2629599869251251,1,5,0.5633728504180908,CHN1233,1678.5232761892805
MGRS-47RRH-0430,0.2629599869251251,1,5,0.40721040964126587,CHN0448,1044.188522759084
MGRS-47RRH-0444,0.2629599869251251,1,5,0.4322859048843384,CHN0991,579.5371993099702
MGRS-47RRH-0645,0.2629599869251251,1,5,0.10745219886302948,CHN0453,1859.3220017048532
MGRS-47RRJ-0624,0.2651129961013794,1,5,0.3619675934314728,CHN0988,1813.933721373128
MGRS-47RRJ-0624,0.2651129961013794,1,5,0.3619675934314728,CHN0463,1804.979917107315
MGRS-47SQA-0071,2.064669,1,5,0.371696799993515,CHN0556,1722.1320873995414
MGRS-48QUM-0502,2.8952040672302246,1,5,0.8463271260261536,CHN1194,739.2607606244152
MGRS-48QUM-0541,2.8952040672302246,1,5,0.19435173273086548,CHN0455,1971.3512511022589
MGRS-48RTN-0078,0.3012650012969971,1,5,0.8204669356346129,CHN0988,742.4490780380498
MGRS-48RTN-0078,0.3012650012969971,1,5,0.8204669356346129,CHN0463,736.8956545335134
MGRS-48RTN-0265,0.3012650012969971,1,5,0.9717692136764526,CHN1233,310.47345810233764
MGRS-48RTN-0463,0.3012650012969971,1,5,0.22959740459918976,CHN0448,1000.5879189472128
MGRS-48RTN-0477,0.3012650012969971,1,5,0.9448893070220948,CHN0991,825.9384602957305
MGRS-48RTN-0674,0.3012650012969971,1,5,0.051739711314439774,CHN0453,1963.367200034068
MGRS-48RTP-0659,0.2614479959011078,1,5,0.09151051193475723,CHN0988,1236.19443335117
MGRS-48RTP-0659,0.2614479959011078,1,5,0.09151051193475723,CHN0463,1217.979817143788
MGRS-48RTQ-0503,0.4665690064430237,1,5,0.046193357557058334,CHN0661,1604.587663586875
MGRS-48RTT-0236,4.133281230926514,1,5,0.07551336288452147,CHN0662,1696.9614207914606
MGRS-48RTU-0210,2.0146450000000002,1,5,0.3269495069980621,CHN0662,2299.1539885190896
MGRS-48RTU-0577,2.0146450000000002,1,5,0.045413628220558167,CHN0676,1468.455377436258
MGRS-48RUN-0233,0.7885919809341431,1,5,0.5729275941848755,CHN0833,657.4472457358582
MGRS-48RUN-0391,0.7885919809341431,1,5,0.9581669569015504,CHN1078,411.96690019334545
MGRS-48RUT-0365,0.389805,1,5,0.2695402204990387,CHN0643,1490.7628370502887
MGRS-48RUT-0392,0.389805,1,5,0.2530297040939331,CHN0654,997.8490750874882
MGRS-48RUT-0393,0.389805,1,5,0.20595455169677732,CHN0644,1265.6569316592816
MGRS-48RUT-0686,0.389805,1,5,0.07285815477371216,CHN0653,2049.1788622961344
MGRS-48RUV-0419,3.972497,1,5,0.031916040927171714,CHN0451,1458.3839420459128
MGRS-48RUV-0475,3.972497,1,5,0.08545909076929092,CHN0138,1728.594720181193
MGRS-48RUV-0502,3.972497,1,5,0.04127591848373413,CHN0073,1843.4354787386906
MGRS-48RVN-0127,0.689021,1,5,0.9529183506965636,CHN0998,309.6356717628327
MGRS-48RVQ-0585,0.05328100174665451,1,5,0.20209693908691406,CHN0465,681.2307319542117
MGRS-48RVQ-0619,0.05328100174665451,1,5,0.09117960184812546,CHN1154,1325.6196544587747
MGRS-48RVQ-1028,0.05328100174665451,1,5,0.050779227167367935,CHN0805,952.0939383800176
MGRS-48RVS-0401,0.875857,1,5,0.05461138486862183,CHN0705,1422.532656001364
MGRS-48RVS-0618,0.875857,1,5,0.18878686428070068,CHN0464,1068.2714723190022
MGRS-48RVS-0622,0.875857,1,5,0.04921592026948929,CHN0885,1166.22980750592
MGRS-48RVS-0992,0.875857,1,5,0.06140224635601044,CHN1255,1645.23707707443
MGRS-48RVV-0012,4.665336,1,5,0.6503884196281433,CHN0130,1805.1362570328492
MGRS-48RVV-0445,4.665336,1,5,0.05824887752532959,CHN0660,1919.411439635922
MGRS-48RWN-0155,1.48532,1,5,0.18712785840034485,CHN0998,817.1747269626378
MGRS-48RWN-0211,1.48532,1,5,0.08122910559177399,CHN0866,1715.6370424119789
MGRS-48RWP-0059,0.14108099999999998,1,5,0.3046824038028717,CHN0946,1562.9679166744652
MGRS-48RWP-0325,0.14108099999999998,1,5,0.6656255125999451,CHN0944,1487.7948400149833
MGRS-48RWQ-0990,0.208992,1,5,0.06237753108143808,CHN0892,1629.2503985600115
MGRS-48RWQ-1223,0.208992,1,5,0.1263568550348282,CHN0946,1800.1106989029092
MGRS-48RWS-0995,0.13554000000000002,1,5,0.2223755568265915,CHN1105,1478.9599155205983
MGRS-48RWT-0737,0.35142199999999996,1,5,0.08058016002178192,CHN0408,1374.3783538342022
MGRS-48RXQ-0579,3.060181,1,5,0.9423308968544006,CHN0037,761.5906230094471
MGRS-48RXQ-0615,3.060181,1,5,0.047307707369327545,CHN0294,2056.887941520614
MGRS-48RXQ-0769,3.060181,1,5,0.039680667221546166,CHN0836,1480.472970926809
MGRS-48RXQ-0928,3.060181,1,5,0.5263606905937195,CHN1170,1502.2530863271243
MGRS-48RXS-0674,0.222531,1,5,0.16313694417476654,CHN0570,1001.1831103231627
MGRS-48RXT-0185,1.156377,1,5,0.03903752565383911,CHN1055,1433.7107944549136
MGRS-48RXT-0432,1.156377,1,5,0.1959870606660843,CHN0472,1283.0832802834536
MGRS-48RXT-0551,1.156377,1,5,0.1444564163684845,CHN0225,1608.9904392201645
MGRS-48RXT-0580,1.156377,1,5,0.08274385333061217,CHN0470,2167.1714964252865
MGRS-48RXT-0614,1.156377,1,5,0.7927994728088379,CHN0223,696.4589739074597
MGRS-48RXT-1118,1.156377,1,5,0.4851393699645996,CHN0219,1552.1689680655322
MGRS-48RXU-0313,1.007474,1,5,0.09772413969039916,CHN1171,1601.3431263817731
MGRS-48RXU-0313,1.007474,1,5,0.09772413969039916,CHN0547,1600.2337665296607
MGRS-48RXU-0350,1.007474,1,5,0.8922028541564941,CHN0647,751.8539586471638
MGRS-48RXU-0456,1.007474,1,5,0.07890932261943817,CHN0640,1674.9612555603055
MGRS-48RXU-0490,1.007474,1,5,0.03462289273738861,CHN0651,1863.3138012177205
MGRS-48RXU-0703,1.007474,1,5,0.4345594942569733,CHN1172,858.5644914741052
MGRS-48RXU-0703,1.007474,1,5,0.4345594942569733,CHN0646,840.7831721644236
MGRS-48RXU-0708,1.007474,1,5,0.1550404727458954,CHN0830,876.6667115087675
MGRS-48RXU-0876,1.007474,1,5,0.74528968334198,CHN0214,872.2347766041712
MGRS-48RXU-0881,1.007474,1,5,0.11586907505989075,CHN0656,1795.1008007970515
MGRS-48RXU-1005,1.007474,1,5,0.7240669131278992,CHN0216,1057.3321272708747
MGRS-48RXU-1006,1.007474,1,5,0.17427437007427216,CHN0911,700.236234426543
MGRS-48RXU-1007,1.007474,1,5,0.02766000665724277,CHN1056,2032.8925066876811
MGRS-48RXU-1007,1.007474,1,5,0.02766000665724277,CHN0469,2030.8816579284116
MGRS-48RXU-1170,1.007474,1,5,0.9221093654632568,CHN0222,1762.2532681593602
MGRS-48RXU-1191,1.007474,1,5,0.2559365630149841,CHN0215,1562.2386541854487
MGRS-48RXV-1090,0.3148809969425201,1,5,0.9278425574302672,CHN0976,374.3515827043085
MGRS-48RYT-0199,1.190723,1,5,0.027357745915651318,CHN0353,2062.002863805893
MGRS-48RYT-0609,1.190723,1,5,0.07831472158432007,CHN0226,1839.6982336980734
MGRS-48RYU-0220,1.6110899448394775,1,5,0.17627856135368347,CHN1086,1241.6637137330256
MGRS-48RYU-0595,1.6110899448394775,1,5,0.2891361713409424,CHN0910,1961.1968152733893
MGRS-48RYV-0996,0.10052700340747832,1,5,0.7578410506248474,CHN0051,984.5872305756443
MGRS-48RYV-1105,0.10052700340747832,1,5,0.06884627789258957,CHN0238,1596.650036953918
MGRS-48RZN-0337,0.5178050000000001,1,5,0.2801528573036194,CHN0279,1635.8636216065793
MGRS-48STF-0530,0.137149,1,5,0.8611239790916443,CHN0506,598.3137736879371
MGRS-48SUF-0072,0.131823,1,5,0.9705990552902222,CHN1084,491.29562360680626
MGRS-48SUF-0490,0.131823,1,5,0.04087931662797928,CHN0506,1229.449827778595
MGRS-47QQE-0243,2.6760079860687256,2,5,0.30257588624954224,CHN0969,1602.4161810202627
MGRS-48RTQ-0256,0.47893800000000003,2,5,0.2912802994251251,CHN0661,1604.587663586875
MGRS-48RUR-0331,0.8608629703521729,2,5,0.057174865156412125,CHN0980,1590.8823314369856
MGRS-48RUU-0470,1.4807130098342896,2,5,0.18068070709705356,CHN0650,1429.7607628026901
MGRS-48RXR-0225,0.341074,2,5,0.2321969717741013,CHN1249,1620.726124222994
MGRS-48RXR-0373,0.341074,2,5,0.10417509824037552,CHN0569,1578.7420757840903
MGRS-48RXR-0484,0.341074,2,5,0.27221640944480896,CHN0909,1213.747453174184
MGRS-48RXR-0496,0.341074,2,5,0.4361874759197235,CHN0462,1411.8989460088271
MGRS-48STF-0131,0.901877,2,5,0.9086449146270752,CHN0506,598.3137736879371
MGRS-48SUF-0016,0.43472299999999997,2,5,0.10282859951257706,CHN0506,1229.449827778595
MGRS-48SVA-0579,1.688366,1,5,0.0647185668349266,CHN0831,1367.1137535571859
MGRS-48SVA-0677,1.688366,1,5,0.4480830729007721,CHN0151,1558.7478135890008
MGRS-48SVA-0896,1.688366,1,5,0.08941998332738876,CHN0130,1248.0687303232044
MGRS-48SVB-0218,0.210986,1,5,0.5628987550735474,CHN0489,2183.2551541348575
MGRS-48SVC-0723,0.143611,1,5,0.5784331560134888,CHN0489,1692.8566634863143
MGRS-48SVD-0450,0.030352999999999998,1,5,0.09913837909698486,CHN0524,1976.978197349327
MGRS-48SVF-0468,0.14871600000000001,1,5,0.11153291910886763,CHN0523,1577.436725119436
MGRS-48SWB-0928,0.48058199999999995,1,5,0.3482615947723389,CHN0942,1622.6655429188197
MGRS-48SWD-0763,0.177043,1,5,0.06910326331853868,CHN0683,2027.6432161081264
MGRS-48SWD-0763,0.177043,1,5,0.06910326331853868,CHN1186,2026.027216530948
MGRS-48SWG-0017,0.21454299999999998,1,5,0.4132741689682007,CHN1263,1101.80038692724
MGRS-48SWG-0028,0.21454299999999998,1,5,0.17819997668266296,CHN0518,737.0620622658749
MGRS-48SWG-0422,0.21454299999999998,1,5,0.21110622584819794,CHN0528,1651.8666809476174
MGRS-48SWG-0460,0.21454299999999998,1,5,0.6813290119171143,CHN0520,2214.81207659772
MGRS-48SWH-0045,0.28457799553871155,1,5,0.9200350046157836,CHN0521,412.6388737669737
MGRS-48SWH-0051,0.28457799553871155,1,5,0.8601782321929932,CHN0522,1083.8769472349068
MGRS-48SWH-0284,0.28457799553871155,1,5,0.8241462707519531,CHN1263,202.64778221950593
MGRS-48SWH-0295,0.28457799553871155,1,5,0.7467027902603149,CHN0518,1404.0326678015465
MGRS-48SXA-0144,0.416191,1,5,0.21348382532596588,CHN0876,1276.0256651180066
MGRS-48SXA-0244,0.416191,1,5,0.08035818487405777,CHN1156,1829.3327318379356
MGRS-48SXB-0307,0.178123,1,5,0.3677336573600769,CHN0627,1002.5955879105826
MGRS-48SXB-0348,0.178123,1,5,0.4042158424854279,CHN0695,1831.7022521086824
MGRS-48SXE-0231,0.499723,1,5,0.07534029334783554,CHN0948,801.5892042252109
MGRS-48SXE-0231,0.499723,1,5,0.07534029334783554,CHN0947,839.6124807206228
MGRS-48SXE-0392,0.499723,1,5,0.979196071624756,CHN0055,175.5686663919406
MGRS-48SXE-0397,0.499723,1,5,0.08628759533166885,CHN0686,1765.0801999589378
MGRS-48SXJ-0054,0.09421,1,5,0.1967177391052246,CHN0759,1450.424498742428
MGRS-48SXJ-0211,0.09421,1,5,0.3679756224155426,CHN1199,2318.19853970185
MGRS-48SXJ-0211,0.09421,1,5,0.3679756224155426,CHN1198,2291.7994687501423
MGRS-48SXJ-0218,0.09421,1,5,0.5532721877098083,CHN0380,1756.6556045690868
MGRS-48SXJ-0242,0.09421,1,5,0.08033437281847,CHN0379,1232.7089738034304
MGRS-48SXJ-0247,0.09421,1,5,0.10369411110877992,CHN0375,2121.462060504272
MGRS-48SXJ-0295,0.09421,1,5,0.12680000066757202,CHN1196,1758.7162943055703
MGRS-48SXJ-0295,0.09421,1,5,0.12680000066757202,CHN1197,1840.8830365122353
MGRS-48SXJ-0323,0.09421,1,5,0.6139567494392395,CHN0530,1249.9604891424501
MGRS-48SXJ-0747,0.09421,1,5,0.055007148534059525,CHN1116,1098.9379797555582
MGRS-48SXJ-0747,0.09421,1,5,0.055007148534059525,CHN1115,1082.925685308235
MGRS-48SYA-0479,0.2590970098972321,1,5,0.8334826827049255,CHN0997,1177.2160920455185
MGRS-48SYB-0296,0.11010199999999999,1,5,0.14829261600971222,CHN0629,1392.5614804102077
MGRS-48SYB-0630,0.11010199999999999,1,5,0.08572138845920563,CHN0954,1250.5932050093122
MGRS-48SYC-0160,0.4904829859733582,1,5,0.08440997451543808,CHN0586,1639.4103026771559
MGRS-48SYD-0473,0.12482299655675888,1,5,0.7189331650733948,CHN1124,1437.0636365307416
MGRS-48SYD-0579,0.12482299655675888,1,5,0.05315294861793518,CHN0416,1717.5530752329144
MGRS-48SYD-0600,0.12482299655675888,1,5,0.14890481531620026,CHN0410,2055.213982861301
MGRS-48SYD-0679,0.12482299655675888,1,5,0.234083890914917,CHN0871,1457.2166800314285
MGRS-49QBB-0218,1.258739,1,5,0.05633639171719551,CHN0703,1927.6435381387041
MGRS-49QBB-0220,1.258739,1,5,0.1541631817817688,CHN1133,2002.1857615426266
MGRS-49QBB-0220,1.258739,1,5,0.1541631817817688,CHN0201,1971.940884785224
MGRS-49QCB-1185,0.0885699987411499,1,5,0.18582384288311005,CHN0905,1149.6293352649786
MGRS-49QCG-0041,1.382223,1,5,0.041806723922491074,CHN0282,949.9853861258068
MGRS-49QCG-1031,1.382223,1,5,0.21471060812473294,CHN0212,1441.580030760725
MGRS-49QDD-0028,2.8581090000000002,1,5,0.88714200258255,CHN1107,754.1820104540699
MGRS-49QDD-0029,2.8581090000000002,1,5,0.1558094471693039,CHN0499,1311.3469552877161
MGRS-49QDD-0077,2.8581090000000002,1,5,0.08852827548980713,CHN0898,1661.9725130715474
MGRS-49QDD-0355,2.8581090000000002,1,5,0.03631478175520897,CHN0194,1797.4349443350357
MGRS-49QDD-0427,2.8581090000000002,1,5,0.10935629904270172,CHN0024,915.3212914369178
MGRS-49QEE-0267,4.724178,1,5,0.25577622652053833,CHN0906,1275.7791679134862
MGRS-49QEE-0268,4.724178,1,5,0.11128229647874832,CHN0054,1573.3875477874403
MGRS-49RBL-0032,0.10147300000000001,1,5,0.9441850185394288,CHN0295,138.70306045760594
MGRS-49RBL-0675,0.10147300000000001,1,5,0.10512583702802658,CHN0945,1487.4612737361715
MGRS-49RBM-0860,0.279629,1,5,0.24928878247737885,CHN0295,1096.30511572144
MGRS-49RBN-0355,1.734934,1,5,0.10013097524642944,CHN0221,2058.4063247146773
MGRS-49RBP-0564,0.5564849972724915,1,5,0.6241866946220398,CHN0910,1648.8375056985244
MGRS-49RBQ-0995,0.22921599447727206,1,5,0.154380664229393,CHN0220,2013.7438285959536
MGRS-49RCH-1155,0.245813,1,5,0.9393405318260192,CHN0282,218.80467391742616
MGRS-49RCK-0606,0.307438,1,5,0.06300175935029984,CHN1173,1565.2870900291468
MGRS-49RCL-0659,0.165205,1,5,0.05368432402610779,CHN1189,1925.2429875256782
MGRS-49RCM-0213,1.425497,1,5,0.8542308211326599,CHN1004,712.6806840661483
MGRS-49RCM-0569,1.425497,1,5,0.5566861629486084,CHN0224,667.6927737123117
MGRS-49RDL-0188,1.287442,1,5,0.9646530151367188,CHN0365,172.28149839994498
MGRS-49RDL-0534,1.287442,1,5,0.606161892414093,CHN0340,841.5263217087629
MGRS-49RDQ-0202,4.803418,1,5,0.10221894830465317,CHN0934,1483.734659935305
MGRS-49RDQ-0510,4.803418,1,5,0.04588674381375313,CHN0982,1477.1135366687288
MGRS-49REK-0390,1.8688399791717532,1,5,0.05064791813492775,CHN0169,1345.744028640302
MGRS-49REK-0418,1.8688399791717532,1,5,0.22171872854232788,CHN0033,912.2777477614131
MGRS-49REK-0575,1.8688399791717532,1,5,0.13732989132404327,CHN1230,1356.638932092851
MGRS-49REK-0760,1.8688399791717532,1,5,0.13356491923332214,CHN0371,1129.029310526091
MGRS-49REL-0251,1.1686760187149048,1,5,0.044890835881233215,CHN0056,1579.507979720225
MGRS-49REL-0450,1.1686760187149048,1,5,0.12322474271059035,CHN1087,1281.2523223968287
MGRS-49REL-0507,1.1686760187149048,1,5,0.11393773555755615,CHN0972,1691.169687254838
MGRS-49REL-0786,1.1686760187149048,1,5,0.0509767048060894,CHN0050,1312.3878784998042
MGRS-49REL-1082,1.1686760187149048,1,5,0.942188322544098,CHN1148,144.9992436577185
MGRS-49REL-1121,1.1686760187149048,1,5,0.05320730805397034,CHN1147,1772.9211320272973
MGRS-49REN-0158,3.670093,1,5,0.4632908403873444,CHN1096,764.3128491135947
MGRS-49REN-0251,3.670093,1,5,0.2483441382646561,CHN0932,1538.3497352308314
MGRS-49REN-0251,3.670093,1,5,0.2483441382646561,CHN0367,1577.48743054106
MGRS-49REN-0283,3.670093,1,5,0.04662780836224556,CHN0057,2271.47193071226
MGRS-49REN-0614,3.670093,1,5,0.04788994789123535,CHN0696,1575.6787698831868
MGRS-49REP-0217,0.5549399852752686,1,5,0.44470834732055664,CHN0966,1241.462518163005
MGRS-49REP-0487,0.5549399852752686,1,5,0.3005044460296631,CHN0979,1241.9917810839809
MGRS-49REP-0788,0.5549399852752686,1,5,0.6936344504356384,CHN0702,550.2309483393138
MGRS-49REP-0789,0.5549399852752686,1,5,0.06354589760303497,CHN0933,1803.4467720197715
MGRS-49REQ-0675,0.1821260005235672,1,5,0.9629573225975036,CHN0928,452.2785469466585
MGRS-49RFK-0377,0.2268729954957962,1,5,0.9237879514694214,CHN1005,617.5964675131871
MGRS-49RFK-0921,0.2268729954957962,1,5,0.6420362591743469,CHN0148,1468.9248865771292
MGRS-49RFL-0063,2.2818400859832764,1,5,0.1942279040813446,CHN0697,1719.6028539192919
MGRS-49RFL-0264,2.2818400859832764,1,5,0.15461193025112152,CHN1006,776.5619395567968
MGRS-49RFL-0349,2.2818400859832764,1,5,0.5314035415649414,CHN1009,763.5182013274658
MGRS-49RFN-0749,2.304071,1,5,0.13861879706382751,CHN1012,1708.4851886346814
MGRS-49RFP-0559,2.8382010459899902,1,5,0.4503340423107147,CHN0970,1681.594600963455
MGRS-49RFP-0637,2.8382010459899902,1,5,0.1240386888384819,CHN0931,1410.850207289557
MGRS-49RGL-0041,2.7005209922790527,1,5,0.8381791710853577,CHN0694,1679.4951072452602
MGRS-49RGL-0547,2.7005209922790527,1,5,0.14386676251888275,CHN0981,1208.6215408599573
MGRS-49RGM-0808,0.2503989934921265,1,5,0.07580260932445526,CHN0133,1148.6550894553664
MGRS-49RGM-0900,0.2503989934921265,1,5,0.0579022616147995,CHN0099,1881.5723827216968
MGRS-49RGM-1069,0.2503989934921265,1,5,0.7174063920974731,CHN0694,2237.970332165326
MGRS-49RGN-0052,0.2147900015115738,1,5,0.13656815886497498,CHN0355,1735.2480049637309
MGRS-49RGN-0266,0.2147900015115738,1,5,0.5733110904693604,CHN0042,1909.2750215156636
MGRS-49RGP-0063,2.10894,1,5,0.6912391781806946,CHN0929,1850.038696565719
MGRS-49RGP-0142,2.10894,1,5,0.6491766571998596,CHN0760,614.4685596368513
MGRS-49RGP-1011,2.10894,1,5,0.026866031810641292,CHN0117,1492.588070230109
MGRS-49RGP-1131,2.10894,1,5,0.8480127453804016,CHN0355,642.3620536067074
MGRS-49RGQ-0265,0.4093320071697235,1,5,0.043325696140527725,CHN0357,1735.786409207818
MGRS-49RGQ-0789,0.4093320071697235,1,5,0.9094569683074952,CHN0793,1081.1106162831975
MGRS-49RGQ-1166,0.4093320071697235,1,5,0.1301558017730713,CHN0929,1279.4783046484495
MGRS-49SBR-0336,0.008165000006556511,1,5,0.4734154343605042,CHN0997,1145.2817093782032
MGRS-49SBT-0109,0.10057300329208374,1,5,0.08173318952322006,CHN0586,1247.082006072235
MGRS-49SBU-0487,0.17301400005817413,1,5,0.8749995827674866,CHN0871,1670.8556975251552
MGRS-49SCS-0011,0.07427600026130676,1,5,0.11231285333633424,CHN1144,1842.0497630069683
MGRS-49SCS-0392,0.07427600026130676,1,5,0.1182771548628807,CHN0624,1619.9754157950417
MGRS-49SCS-0519,0.07427600026130676,1,5,0.11393730342388153,CHN0865,1258.6917872761774
MGRS-49SCU-0154,0.3157519996166229,1,5,0.08227887004613876,CHN0626,1746.6275914339406
MGRS-49SCU-0212,0.3157519996166229,1,5,0.742924153804779,CHN0589,728.1183439911737
MGRS-49SCU-0224,0.3157519996166229,1,5,0.08165372908115387,CHN0620,1730.9696067870484
MGRS-49SCU-0224,0.3157519996166229,1,5,0.08165372908115387,CHN1137,1736.2279229800859
MGRS-49SCU-0242,0.3157519996166229,1,5,0.08479921519756317,CHN1136,2335.1453346119556
MGRS-49SCU-0339,0.3157519996166229,1,5,0.9179820418357848,CHN1138,843.2277781681818
MGRS-49SCU-0340,0.3157519996166229,1,5,0.040766742080450065,CHN1260,1903.1663210746526
MGRS-49SCU-0370,0.3157519996166229,1,5,0.09720429033041,CHN1062,1263.3648509278273
MGRS-49SCU-0370,0.3157519996166229,1,5,0.09720429033041,CHN0582,1252.843661739617
MGRS-49SCU-0371,0.3157519996166229,1,5,0.7558775544166565,CHN1259,509.0808135948238
MGRS-49SCU-0503,0.3157519996166229,1,5,0.6349748969078064,CHN1134,2451.46785266924
MGRS-49SDB-0312,0.40604,1,5,0.07172752171754837,CHN1106,1747.849541830391
MGRS-49SDB-0513,0.40604,1,5,0.5217017531394958,CHN0895,2235.1990900362703
MGRS-49SDB-0537,0.40604,1,5,0.20783396065235135,CHN1195,1942.498385134163
MGRS-49SDR-0226,2.1382479667663574,1,5,0.9772687554359436,CHN0347,248.80366169401955
MGRS-49SDT-0319,0.03789599984884262,1,5,0.022343231365084648,CHN1143,1171.8673842911737
MGRS-49SDV-0360,0.577998,1,5,0.8977768421173096,CHN0952,372.53861206056126
MGRS-49SEC-0495,0.9422929883003236,1,5,0.10970046371221542,CHN1083,1942.6997533803697
MGRS-49SER-0091,0.3047919869422913,1,5,0.11528224498033525,CHN0930,1006.1618120844009
MGRS-49SER-0855,0.3047919869422913,1,5,0.89634108543396,CHN0977,956.0744864266196
MGRS-49SES-0737,0.3654049932956696,1,5,0.7063681483268738,CHN0918,728.6269795684387
MGRS-49SEU-0376,3.2781250476837163,1,5,0.09817615151405333,CHN0740,1854.1978194053727
MGRS-49SEU-0452,3.2781250476837163,1,5,0.17269514501094818,CHN1208,1852.7718819491888
MGRS-49SEV-0583,0.2169869989156723,1,5,0.07562246918678284,CHN1064,1770.082168220738
MGRS-49SFA-0161,0.30156700000000003,1,5,0.6562408208847046,CHN1206,727.2506897794077
MGRS-49SFA-0615,0.30156700000000003,1,5,0.10253901779651642,CHN0893,1884.66157771601
MGRS-49SFR-0595,0.3475770056247711,1,5,0.17374606430530548,CHN0995,1426.6229405928455
MGRS-49SFS-0007,0.3110739886760712,1,5,0.0921320766210556,CHN0736,1235.3822324925743
MGRS-49SFS-0140,0.3110739886760712,1,5,0.9765512943267822,CHN1181,677.5971285221635
MGRS-49SFS-0327,0.3110739886760712,1,5,0.9803135991096495,CHN0166,264.25243397402147
MGRS-49SFS-0344,0.3110739886760712,1,5,0.25857067108154297,CHN1114,1594.8279650257227
MGRS-49SFT-0015,0.2621780037879944,1,5,0.2504580914974213,CHN0239,2092.593995740436
MGRS-49SFT-0059,0.2621780037879944,1,5,0.17164316773414612,CHN1180,1123.1029782765465
MGRS-49SFT-0125,0.2621780037879944,1,5,0.2037857174873352,CHN1103,1027.5733714243484
MGRS-49SFT-0174,0.2621780037879944,1,5,0.2924118638038635,CHN0741,1279.1524350819948
MGRS-49SFT-0288,0.2621780037879944,1,5,0.4407466053962708,CHN0140,1838.92944881079
MGRS-49SFT-0473,0.2621780037879944,1,5,0.08664100617170334,CHN0744,1246.379645931276
MGRS-49SFT-0561,0.2621780037879944,1,5,0.9272550940513612,CHN0867,1287.7179655726188
MGRS-49SFT-0631,0.2621780037879944,1,5,0.13341695070266724,CHN1120,1519.4334127182071
MGRS-49SFT-0996,0.2621780037879944,1,5,0.0771292969584465,CHN0736,1273.153387545251
MGRS-49SFU-0024,0.5857639908790588,1,5,0.54787677526474,CHN0879,897.5603273456768
MGRS-49SFU-0045,0.5857639908790588,1,5,0.8254686594009399,CHN0078,1051.0325415820407
MGRS-49SFU-0095,0.5857639908790588,1,5,0.7020605206489563,CHN1072,569.1610688590713
MGRS-49SFU-0157,0.5857639908790588,1,5,0.7790454626083374,CHN0440,649.9575980130618
MGRS-49SFU-0425,0.5857639908790588,1,5,0.027690291404724118,CHN1109,1357.1897165341943
MGRS-49SFU-0617,0.5857639908790588,1,5,0.09644106775522232,CHN0957,1499.407068615809
MGRS-49SFU-0816,0.5857639908790588,1,5,0.022468414157629013,CHN0324,1196.2404207907164
MGRS-49SFU-0934,0.5857639908790588,1,5,0.36566996574401855,CHN1185,1133.2954192355653
MGRS-49SFU-0934,0.5857639908790588,1,5,0.36566996574401855,CHN0704,1028.6242116458839
MGRS-49SFU-0961,0.5857639908790588,1,5,0.06091105192899704,CHN0163,1681.030951873484
MGRS-49SFU-1008,0.5857639908790588,1,5,0.27071428298950195,CHN0239,1542.855119765699
MGRS-49SFU-1052,0.5857639908790588,1,5,0.9564772844314576,CHN1180,472.7392476834383
MGRS-49SFV-0573,0.12151700258255005,1,5,0.2272803336381912,CHN1067,1268.5116566870756
MGRS-49SFV-0713,0.12151700258255005,1,5,0.091866597533226,CHN1066,1189.9930316583136
MGRS-49SFV-0879,0.12151700258255005,1,5,0.7734978199005127,CHN0078,895.022628474195
MGRS-49SFV-0887,0.12151700258255005,1,5,0.5186809897422789,CHN0879,1857.8853229346537
MGRS-49SGA-0549,0.16815899312496185,1,5,0.23744066059589386,CHN0953,474.97163486339434
MGRS-49SGB-0047,0.010431000031530857,1,5,0.6539773344993591,CHN1215,1677.0243161428612
MGRS-49SGB-0271,0.010431000031530857,1,5,0.6109129190444946,CHN0089,2407.0899651481222
MGRS-49SGB-0291,0.010431000031530857,1,5,0.689344048500061,CHN1093,1279.4996139525467
MGRS-49SGB-0321,0.010431000031530857,1,5,0.7794039845466614,CHN1092,805.070228942627
MGRS-49SGB-0531,0.010431000031530857,1,5,0.2123241275548935,CHN1250,777.3609428523079
MGRS-49SGC-0195,0.029004000127315518,1,5,0.5748642683029175,CHN1095,1328.9066489600418
MGRS-49SGC-0412,0.029004000127315518,1,5,0.6322754621505737,CHN0309,1777.0827028112683
MGRS-49SGC-0446,0.029004000127315518,1,5,0.8814448118209839,CHN0542,738.7749197518815
MGRS-49SGC-0446,0.029004000127315518,1,5,0.8814448118209839,CHN0956,2057.5225562327582
MGRS-49SGC-0449,0.029004000127315518,1,5,0.6821026802062988,CHN0091,1697.9017972674933
MGRS-49SGC-0484,0.029004000127315518,1,5,0.7890582084655762,CHN0308,1177.7879882924428
MGRS-49SGC-0822,0.029004000127315518,1,5,0.832855761051178,CHN1215,387.1086408782051
MGRS-49SGR-0464,0.13992999494075775,1,5,0.3989524245262146,CHN1211,988.3017312812136
MGRS-49SGR-0643,0.13992999494075775,1,5,0.4970994591712952,CHN0349,653.8808400939816
MGRS-49SGR-0791,0.13992999494075775,1,5,0.124886654317379,CHN0994,1383.5532953874533
MGRS-49SGT-0208,0.3129119873046875,1,5,0.14479604363441467,CHN1183,1144.788083952803
MGRS-49SGT-0253,0.3129119873046875,1,5,0.15292948484420776,CHN1214,1674.0382053997505
MGRS-49SGT-0402,0.3129119873046875,1,5,0.09592170268297197,CHN1182,1046.8477021851606
MGRS-49SGT-0719,0.3129119873046875,1,5,0.2161856293678284,CHN1120,1038.2347760668172
MGRS-49SGT-0901,0.3129119873046875,1,5,0.18072962760925293,CHN1218,1950.1884066851176
MGRS-49TCF-0647,0.067612,1,5,0.4419706463813782,CHN0874,923.4216244774836
MGRS-49TDE-0320,0.23736500000000002,1,5,0.16226814687252045,CHN1019,1837.2309074192585
MGRS-49TDG-0124,0.009779000000000001,1,5,0.23415260016918185,CHN0873,1733.7590248647216
MGRS-49TEF-0033,0.013531999999999999,1,5,0.3347741365432739,CHN1018,1391.2129350916482
MGRS-49TEF-0277,0.013531999999999999,1,5,0.06879351288080215,CHN1020,2108.171457338213
MGRS-50RKP-0883,2.443768,1,5,0.11602138727903365,CHN0927,859.7908827772615
MGRS-50RKR-0179,0.9648709893226624,1,5,0.284521758556366,CHN0043,1436.9870442666258
MGRS-50RKR-0291,0.9648709893226624,1,5,0.8981122374534607,CHN1044,190.42205787520672
MGRS-50RKR-0408,0.9648709893226624,1,5,0.423359215259552,CHN0153,1048.6964463519826
MGRS-50RKR-0752,0.9648709893226624,1,5,0.4642344117164612,CHN1029,1387.1675786750527
MGRS-50RKR-0780,0.9648709893226624,1,5,0.03293406218290329,CHN1033,1146.3076046262713
MGRS-50RKR-1070,0.9648709893226624,1,5,0.7637652754783629,CHN1037,856.0380320086033
MGRS-50RKR-1076,0.9648709893226624,1,5,0.3840321302413941,CHN1021,1078.7576245700182
MGRS-50RKS-0815,1.878659963607788,1,5,0.13936081528663635,CHN0174,1218.7174730737697
MGRS-50RKS-0841,1.878659963607788,1,5,0.4266454577445984,CHN1042,1220.2343483907373
MGRS-50RKT-0039,0.4808779954910278,1,5,0.7435811161994934,CHN0355,2028.406812110012
MGRS-50RKT-0724,0.4808779954910278,1,5,0.09015662968158722,CHN1045,2062.463977632192
MGRS-50RKU-0002,4.951688,1,5,0.2345142662525177,CHN0929,2194.734947242492
MGRS-50RKU-0058,4.951688,1,5,0.09486477077007294,CHN0075,1116.7818823048256
MGRS-50RKU-0090,4.951688,1,5,0.3389957845211029,CHN1200,960.467396575031
MGRS-50RKU-0117,4.951688,1,5,0.8639830350875854,CHN0760,638.5786007737415
MGRS-50RKU-0245,4.951688,1,5,0.6800975799560547,CHN0985,753.7744157411071
MGRS-50RKU-0532,4.951688,1,5,0.06958188861608505,CHN1201,1678.1987976052608
MGRS-50RKU-0627,4.951688,1,5,0.579641580581665,CHN0984,1046.5541794869343
MGRS-50RKU-0780,4.951688,1,5,0.4868657290935517,CHN0342,709.0570258455379
MGRS-50RKU-1101,4.951688,1,5,0.06588844209909439,CHN0355,1294.2936122656215
MGRS-50RKV-1162,0.8206170201301575,1,5,0.4952642023563385,CHN0929,1497.8828988302812
MGRS-50RLQ-0058,3.099224,1,5,0.07364572584629059,CHN1047,1168.1606759779547
MGRS-50RLQ-0060,3.099224,1,5,0.2775388062000275,CHN1048,1706.246263997147
MGRS-50RLR-1130,2.572853,1,5,0.13148219883441925,CHN1047,1198.835558076609
MGRS-50RLR-1162,2.572853,1,5,0.0883745476603508,CHN1048,2031.7054808548476
MGRS-50RNQ-0341,3.5466860000000002,1,5,0.7929809093475342,CHN0252,757.3927759151223
MGRS-50RNS-0263,4.733061,1,5,0.32512590289115906,CHN0401,828.5646790575
MGRS-50RNS-0323,4.733061,1,5,0.2686720192432404,CHN0062,1732.2306390963365
MGRS-50RNS-0787,4.733061,1,5,0.08744656294584274,CHN1032,870.3831262221921
MGRS-50RPN-0330,2.501053094863892,1,5,0.6859458684921265,CHN1110,1460.7493328367366
MGRS-50RPN-0411,2.501053094863892,1,5,0.021176144480705258,CHN0904,1542.4410654147048
MGRS-50RPU-0054,0.6968410015106201,1,5,0.13285744190216064,CHN0036,1880.8047093049304
MGRS-50RPV-1022,0.3989709913730621,1,5,0.20093680918216705,CHN0052,909.8486316843943
MGRS-50RPV-1140,0.3989709913730621,1,5,0.11606434732675552,CHN0036,1479.705326581533
MGRS-50RQQ-0768,4.839825,1,5,0.07517220079898834,CHN0899,892.174034635216
MGRS-50RQT-0464,2.632468,1,5,0.07512152194976808,CHN0337,1602.3625833303756
MGRS-50RQT-0467,2.632468,1,5,0.04835616797208786,CHN0142,2205.174997101645
MGRS-50RQT-0531,2.632468,1,5,0.6107318997383118,CHN1023,639.3902779391615
MGRS-50RQT-0633,2.632468,1,5,0.8587381839752197,CHN0124,1329.1610860474004
MGRS-50RQT-0667,2.632468,1,5,0.5238072276115417,CHN1102,1926.6728088107468
MGRS-50RQT-0667,2.632468,1,5,0.5238072276115417,CHN1022,425.7937332278588
MGRS-50RQT-0747,2.632468,1,5,0.343075156211853,CHN0839,2138.518819531174
MGRS-50RQT-0747,2.632468,1,5,0.343075156211853,CHN1082,786.2343523129289
MGRS-50RQT-0748,2.632468,1,5,0.8536573052406311,CHN1081,530.8215952754076
MGRS-50RQT-0749,2.632468,1,5,0.03163953125476837,CHN0441,1860.3121563271527
MGRS-50RQT-0772,2.632468,1,5,0.09214340150356293,CHN0835,1437.3339711738236
MGRS-50RQT-0785,2.632468,1,5,0.7205551266670227,CHN1243,706.524313685222
MGRS-50RQT-0818,2.632468,1,5,0.2906290292739868,CHN1241,1354.641809107751
MGRS-50RQT-0819,2.632468,1,5,0.6709274053573608,CHN0435,670.4916962930043
MGRS-50RQU-0180,0.8259860277175903,1,5,0.08274031430482864,CHN0920,1313.9157569979163
MGRS-50RQU-0213,0.8259860277175903,1,5,0.44764018058776855,CHN0921,1923.463025527639
MGRS-50RQU-0906,0.8259860277175903,1,5,0.9502740502357484,CHN0841,694.4645192268293
MGRS-50RQU-0982,0.8259860277175903,1,5,0.5489854216575623,CHN0924,1689.9827984697429
MGRS-50RQU-1051,0.8259860277175903,1,5,0.6826334595680237,CHN0925,679.7114444801034
MGRS-50RQU-1064,0.8259860277175903,1,5,0.7493357062339783,CHN0603,1145.0920565844508
MGRS-50RQU-1082,0.8259860277175903,1,5,0.0961114913225174,CHN0336,1257.0968107089031
MGRS-50RQU-1096,0.8259860277175903,1,5,0.43249374628067017,CHN0819,1603.9919704715123
MGRS-50RQU-1116,0.8259860277175903,1,5,0.029236437752842907,CHN0176,1313.6760466544783
MGRS-50RQV-0087,0.8526909947395325,1,5,0.5251846313476562,CHN0487,803.3684766124217
MGRS-50RQV-0122,0.8526909947395325,1,5,0.1493954211473465,CHN0698,1168.3753815649818
MGRS-50RQV-0146,0.8526909947395325,1,5,0.04894960299134255,CHN0688,2235.1932808443344
MGRS-50RQV-0269,0.8526909947395325,1,5,0.8866106271743774,CHN1028,603.2840048676534
MGRS-50RQV-0288,0.8526909947395325,1,5,0.9714881777763368,CHN0390,1282.698300711555
MGRS-50RQV-0319,0.8526909947395325,1,5,0.28182119131088257,CHN0188,1120.9541148503945
MGRS-50RQV-0327,0.8526909947395325,1,5,0.053294971585273736,CHN0155,1236.6575306855866
MGRS-50RQV-0358,0.8526909947395325,1,5,0.9041797518730164,CHN0167,660.6664193046454
MGRS-50RQV-0436,0.8526909947395325,1,5,0.7873973250389099,CHN1027,629.3705794475221
MGRS-50RQV-0436,0.8526909947395325,1,5,0.7873973250389099,CHN1025,1225.7159000535867
MGRS-50RQV-0529,0.8526909947395325,1,5,0.06107290089130401,CHN0886,1402.573620200252
MGRS-50RQV-0529,0.8526909947395325,1,5,0.06107290089130401,CHN1015,1655.6236464213512
MGRS-50RQV-0530,0.8526909947395325,1,5,0.8699533939361572,CHN0172,1665.0647205891594
MGRS-50RQV-0530,0.8526909947395325,1,5,0.8699533939361572,CHN0179,859.8061814559061
MGRS-50RQV-0553,0.8526909947395325,1,5,0.223345085978508,CHN0936,859.438999383321
MGRS-50RQV-0553,0.8526909947395325,1,5,0.223345085978508,CHN0147,1857.4641205888447
MGRS-50RQV-0556,0.8526909947395325,1,5,0.1313575804233551,CHN0182,1720.6945698503127
MGRS-50RQV-0581,0.8526909947395325,1,5,0.09482409805059433,CHN0137,1761.6227459805934
MGRS-50RQV-0582,0.8526909947395325,1,5,0.34279531240463257,CHN0181,2102.8864013039856
MGRS-50RQV-0589,0.8526909947395325,1,5,0.10633622109889984,CHN1017,1617.6299102785433
MGRS-50RQV-0589,0.8526909947395325,1,5,0.10633622109889984,CHN0100,1547.7384159742041
MGRS-50RQV-0615,0.8526909947395325,1,5,0.15689730644226074,CHN0064,942.6822565452836
MGRS-50RQV-0736,0.8526909947395325,1,5,0.044313594698905945,CHN0173,1183.708768141543
MGRS-50RQV-0737,0.8526909947395325,1,5,0.1990961730480194,CHN1016,1074.13915067768
MGRS-50RQV-0776,0.8526909947395325,1,5,0.2400878816843033,CHN0141,1709.1880445983336
MGRS-50RQV-1002,0.8526909947395325,1,5,0.9027252793312072,CHN0864,667.5295003426793
MGRS-50SKA-0438,0.33713001012802124,1,5,0.6718206405639648,CHN1211,463.50961332364585
MGRS-50SKA-0649,0.33713001012802124,1,5,0.420644074678421,CHN0349,1081.734620197566
MGRS-50SKC-0391,0.5508610010147095,1,5,0.21752752363681796,CHN1182,1036.6308018738234
MGRS-50SKC-0933,0.5508610010147095,1,5,0.6706243753433228,CHN1184,1001.008040759157
MGRS-50SKE-0011,0.505423,1,5,0.06944682449102403,CHN0121,2034.0660391793933
MGRS-50SKE-0011,0.505423,1,5,0.06944682449102403,CHN0321,1393.5805874504094
MGRS-50SKE-0205,0.505423,1,5,0.27542248368263245,CHN0325,1712.4437899823256
MGRS-50SKE-0569,0.505423,1,5,0.5083686709403992,CHN0326,1456.4956370382754
MGRS-50SKE-0572,0.505423,1,5,0.0456160344183445,CHN0745,1808.298539669815
MGRS-50SKE-0572,0.505423,1,5,0.0456160344183445,CHN0756,1788.3010742680808
MGRS-50SKE-0586,0.505423,1,5,0.05083144456148148,CHN0322,1957.72146624779
MGRS-50SKG-0003,0.008941999636590479,1,5,0.8438414931297302,CHN1215,859.2410914158294
MGRS-50SKG-0262,0.008941999636590479,1,5,0.5236162543296814,CHN0089,2312.4625668482654
MGRS-50SKG-0306,0.008941999636590479,1,5,0.7733822464942932,CHN1093,630.5600452389431
MGRS-50SKG-0346,0.008941999636590479,1,5,0.6249287128448486,CHN1092,1886.9966162631727
MGRS-50SKG-0372,0.008941999636590479,1,5,0.6651866436004639,CHN0411,1696.9716730081877
MGRS-50SKG-0372,0.008941999636590479,1,5,0.6651866436004639,CHN1077,1753.3302416909323
MGRS-50SKG-0376,0.008941999636590479,1,5,0.560653030872345,CHN0307,1694.4222243399695
MGRS-50SKG-0410,0.008941999636590479,1,5,0.602597177028656,CHN0158,1518.3014608365656
MGRS-50SKH-0194,0.10390499979257584,1,5,0.423400342464447,CHN1095,1119.8864876293421
MGRS-50SKH-0440,0.10390499979257584,1,5,0.6947778463363647,CHN0309,1434.118047727433
MGRS-50SKH-0475,0.10390499979257584,1,5,0.5669583678245544,CHN0542,1641.5401051014735
MGRS-50SKH-0476,0.10390499979257584,1,5,0.8880875110626221,CHN0956,843.9616628652241
MGRS-50SKH-0514,0.10390499979257584,1,5,0.5924396514892578,CHN0091,1155.6028844513821
MGRS-50SKH-0547,0.10390499979257584,1,5,0.6581557989120483,CHN0308,1225.4211441490907
MGRS-50SKH-0805,0.10390499979257584,1,5,0.7417077422142029,CHN1215,1304.8273725141073
MGRS-50SLD-0244,0.7155370116233826,1,5,0.7270825505256653,CHN0882,1752.7788959933414
MGRS-50SLE-1179,0.5967399999999999,1,5,0.10593168437480928,CHN1149,1746.8669155430553
MGRS-50SLF-0485,0.11336100101470947,1,5,0.9593916535377502,CHN1089,1472.978778908237
MGRS-50SLH-0868,0.0013500000350177288,1,5,0.4261793792247772,CHN1153,1931.409533932893
MGRS-50SMA-0673,0.33679899999999996,1,5,0.03680017217993736,CHN0012,1750.3875337618908
MGRS-50SMB-0898,0.821312,1,5,0.6996243596076965,CHN0011,98.14264421590867
MGRS-50SMB-0956,0.821312,1,5,0.1023431122303009,CHN1225,1078.97895044803
MGRS-50SMB-1008,0.821312,1,5,0.06182539463043212,CHN0341,1755.131596952405
MGRS-50SMC-0265,0.8076350092887878,1,5,0.06340692937374115,CHN0746,1749.7501337956792
MGRS-50SMC-0385,0.8076350092887878,1,5,0.909067153930664,CHN0339,320.826064410485
MGRS-50SMC-0421,0.8076350092887878,1,5,0.29219791293144226,CHN0338,1053.841811562199
MGRS-50SMC-0678,0.8076350092887878,1,5,0.1109967827796936,CHN1161,1734.9803632921491
MGRS-50SMC-0777,0.8076350092887878,1,5,0.22277463972568512,CHN0961,1789.8668283864345
MGRS-50SMC-1065,0.8076350092887878,1,5,0.5072906613349915,CHN0960,540.8230945514772
MGRS-50SMD-0071,2.173301,1,5,0.05457654222846031,CHN0149,1809.0458729430197
MGRS-50SME-0185,0.5212760000000001,1,5,0.8230026364326477,CHN0175,467.1889038561379
MGRS-50SME-0639,0.5212760000000001,1,5,0.2066890001296997,CHN0122,1067.644524315793
MGRS-50SME-0814,0.5212760000000001,1,5,0.09529934078454973,CHN1073,1631.6713058430698
MGRS-50SME-0896,0.5212760000000001,1,5,0.12447365373373033,CHN0711,1551.508847029504
MGRS-50SME-1128,0.5212760000000001,1,5,0.2426445037126541,CHN0149,1193.093066074074
MGRS-50SMG-0461,0.05368399992585182,1,5,0.7390987873077393,CHN0127,1709.2400175279154
MGRS-50SMG-0482,0.05368399992585182,1,5,0.6610971093177795,CHN0943,1317.8760101640696
MGRS-50SMJ-0179,0.6927329897880554,1,5,0.9022642374038696,CHN0082,568.207112902857
MGRS-50SNA-0494,1.837625,1,5,0.03142624348402023,CHN0023,1269.1968799067413
MGRS-50SNA-0967,1.837625,1,5,0.9888932108879088,CHN0067,207.31597874400526
MGRS-50SNB-0574,2.195719003677368,1,5,0.16683222353458405,CHN0005,1816.7930437322884
MGRS-50SNB-0729,2.195719003677368,1,5,0.5219996571540833,CHN0877,829.3150694594818
MGRS-50SNB-0768,2.195719003677368,1,5,0.4452691376209259,CHN0228,1049.3155226534845
MGRS-50SNC-0094,1.1702780000000002,1,5,0.11390234529972075,CHN1226,2191.279042830384
MGRS-50SNC-0222,1.1702780000000002,1,5,0.10972050577402116,CHN0746,971.4832847062769
MGRS-50SNC-0422,1.1702780000000002,1,5,0.5054813027381897,CHN1160,718.464888822755
MGRS-50SNC-0572,1.1702780000000002,1,5,0.07332414388656616,CHN1161,2252.537637243979
MGRS-50SND-0283,1.0101250410079956,1,5,0.0942523181438446,CHN1176,1178.103052937252
MGRS-50SND-0323,1.0101250410079956,1,5,0.17250744998455048,CHN0815,1017.7301812321382
MGRS-50SND-0371,1.0101250410079956,1,5,0.10289672017097473,CHN0126,2059.804029586273
MGRS-50SND-0396,1.0101250410079956,1,5,0.11970621347427368,CHN0134,1588.95764405363
MGRS-50SND-0904,1.0101250410079956,1,5,0.19647672772407526,CHN0600,1844.2573366140093
MGRS-50SND-0907,1.0101250410079956,1,5,0.12808841466903687,CHN0718,2088.94785188376
MGRS-50SND-0908,1.0101250410079956,1,5,0.11993513256311415,CHN0605,1323.5576129962903
MGRS-50SND-0967,1.0101250410079956,1,5,0.1937602013349533,CHN0156,1580.2906970543913
MGRS-50SND-1030,1.0101250410079956,1,5,0.5451862812042236,CHN0962,706.3762902113887
MGRS-50SNE-0454,0.324236,1,5,0.06459602713584901,CHN1210,1628.1006748271286
MGRS-50SNE-0942,0.324236,1,5,0.2056039422750473,CHN0136,1972.8688425275118
MGRS-50SNF-0301,0.6223639845848083,1,5,0.03556233271956444,CHN0593,1395.432542946869
MGRS-50SNF-0409,0.6223639845848083,1,5,0.43873754143714905,CHN0601,891.7457857280892
MGRS-50SNF-0478,0.6223639845848083,1,5,0.3180355131626129,CHN1248,672.5241091872205
MGRS-50SNF-0621,0.6223639845848083,1,5,0.06524109840393066,CHN0856,1694.2200559887212
MGRS-50SNH-0134,2.6634809970855717,1,5,0.11592373996973038,CHN1179,892.0445955419802
MGRS-50SPC-0719,1.269996,1,5,0.35927242040634155,CHN0030,1633.4524092535762
MGRS-50SPE-0028,0.6672999858856201,1,5,0.0873367115855217,CHN0719,1269.2583546096423
MGRS-50SPE-0134,0.6672999858856201,1,5,0.1167924627661705,CHN0708,1359.5830991095738
MGRS-50SPE-0237,0.6672999858856201,1,5,0.16060993075370789,CHN1139,910.1722539930881
MGRS-50SPE-0268,0.6672999858856201,1,5,0.050631169229745865,CHN0128,1797.4496293335867
MGRS-50SPE-0535,0.6672999858856201,1,5,0.19514469802379608,CHN1227,1167.7322305109576
MGRS-50SPE-0599,0.6672999858856201,1,5,0.1096508577466011,CHN1221,1570.1320376113708
MGRS-50SPE-0615,0.6672999858856201,1,5,0.07989968359470367,CHN0184,1536.7836536036323
MGRS-50SPF-0077,0.796089,1,5,0.14072541892528534,CHN0938,1054.1917157441824
MGRS-50SPF-0366,0.796089,1,5,0.8075181841850281,CHN0177,770.1976196509769
MGRS-50SPF-0432,0.796089,1,5,0.10162181407213212,CHN0855,1520.2025464465353
MGRS-50SPF-0453,0.796089,1,5,0.3316878080368042,CHN0883,1693.4522844084042
MGRS-50SPF-0491,0.796089,1,5,0.052977200597524636,CHN0709,1759.9381661050184
MGRS-50SPF-1087,0.796089,1,5,0.9772844314575196,CHN0719,141.12052537170464
MGRS-50SPG-0350,1.460898,1,5,0.2301050871610641,CHN1074,1611.3859827660501
MGRS-50SPG-0661,1.460898,1,5,0.634594202041626,CHN1191,2156.7767956740413
MGRS-50SPG-0837,1.460898,1,5,0.10751749575138092,CHN0938,1017.1613535946759
MGRS-50SQA-0172,1.7817200422286987,1,5,0.4903078675270081,CHN1216,2360.0650652370814
MGRS-50SQA-0202,1.7817200422286987,1,5,0.8677467703819275,CHN0025,1545.6274101532335
MGRS-50SQA-0249,1.7817200422286987,1,5,0.0447692945599556,CHN0776,2157.9347548420883
MGRS-50SQA-0341,1.7817200422286987,1,5,0.4069273173809052,CHN0726,1773.0486179173702
MGRS-50SQA-0342,1.7817200422286987,1,5,0.4464460909366608,CHN1246,1549.0275520636944
MGRS-50SQA-1052,1.7817200422286987,1,5,0.07486753910779953,CHN0487,1291.5395040948135
MGRS-50SQA-1103,1.7817200422286987,1,5,0.8811304569244385,CHN0537,1668.123361674676
MGRS-50SQB-0774,0.744057,1,5,0.19974158704280853,CHN1026,1347.2871602690725
MGRS-50SQC-0074,1.10632,1,5,0.7668579220771791,CHN1207,1300.5732038220517
MGRS-50SQC-0918,1.10632,1,5,0.061388846486806876,CHN0028,902.255477396939
MGRS-50SQF-0314,1.073693,1,5,0.9787397384643556,CHN1127,1410.1802866866135
MGRS-50SQF-0538,1.073693,1,5,0.8794552087783813,CHN1125,211.7079782951011
MGRS-50SQF-0922,1.073693,1,5,0.5901668071746826,CHN1140,823.6945436744408
MGRS-50SQF-1199,1.073693,1,5,0.24950352311134336,CHN1123,1962.7696382142972
MGRS-50TLK-0041,0.0771460011601448,1,5,0.0974900871515274,CHN0085,1169.778117991611
MGRS-50TLK-0067,0.0771460011601448,1,5,0.104339100420475,CHN1237,1888.3824221784696
MGRS-50TLK-0577,0.0771460011601448,1,5,0.9393952488899232,CHN0093,624.2639494563034
MGRS-50TLL-0426,0.265437,1,5,0.8841246962547302,CHN1213,522.5393715435149
MGRS-50TLL-0650,0.265437,1,5,0.3373624086380005,CHN0085,1519.0491529003766
MGRS-50TLL-0651,0.265437,1,5,0.9005545377731323,CHN1237,633.7794108344589
MGRS-50TMK-0292,0.555416,1,5,0.12799713015556335,CHN0079,2076.6867580226967
MGRS-50TMK-0590,0.555416,1,5,0.6794875264167786,CHN0077,1918.7037396613332
MGRS-50TMK-0720,0.555416,1,5,0.6656834483146667,CHN0081,1724.024714652294
MGRS-50TMK-0757,0.555416,1,5,0.04474211111664772,CHN0083,1414.5461173141423
MGRS-50TMK-0902,0.555416,1,5,0.18884693086147308,CHN1132,1585.9184253481938
MGRS-50TMK-1126,0.555416,1,5,0.5087932348251343,CHN0086,515.7679416731602
MGRS-50TPK-0742,0.17594200000000002,1,5,0.15681318938732147,CHN1167,1599.3382843328209
MGRS-50TPK-0775,0.17594200000000002,1,5,0.7515156269073486,CHN1166,1179.072157729617
MGRS-50TPK-0779,0.17594200000000002,1,5,0.19677703082561493,CHN1060,1288.5414990368365
MGRS-50TPK-0846,0.17594200000000002,1,5,0.2236015647649765,CHN1265,823.7661944800984
MGRS-50TPK-0882,0.17594200000000002,1,5,0.19601742923259732,CHN1264,1779.3762651854236
MGRS-50TPK-0995,0.17594200000000002,1,5,0.8421339392662048,CHN1168,1850.8292011680824
MGRS-50TPK-0998,0.17594200000000002,1,5,0.4898477196693421,CHN0733,781.1887343967895
MGRS-50TPK-0998,0.17594200000000002,1,5,0.4898477196693421,CHN1169,778.9194926982541
MGRS-50TPK-1008,0.17594200000000002,1,5,0.8731566667556763,CHN0884,2062.9677000243078
MGRS-50TPP-0453,0.025136000000000002,1,5,0.09881536662578584,CHN0869,2089.4939255963045
MGRS-50TPR-0438,0.072787,1,5,0.8365489840507507,CHN1014,2107.2449190962725
MGRS-50TQK-0569,0.15147900581359866,1,5,0.1350516676902771,CHN0563,2226.427137767733
MGRS-50TQL-0083,0.12772,1,5,0.050010785460472114,CHN0103,2111.569254600367
MGRS-50TQM-0660,0.095926,1,5,0.05256753787398338,CHN0103,2028.078602745832
MGRS-50TQN-0333,0.039593,1,5,0.1525106281042099,CHN1188,1353.9498855885552
MGRS-50TQP-0060,0.050935,1,5,0.06819549202919006,CHN0863,2047.900325209873
MGRS-50UQV-0304,2.13836,1,5,0.18708424270153048,CHN0378,1583.2166527360416
MGRS-50UQV-0304,2.13836,1,5,0.18708424270153048,CHN0382,1574.6890277584305
MGRS-51RTP-0083,2.717441,1,5,0.6788941025733948,CHN0919,571.2067140191731
MGRS-51RTP-0087,2.717441,1,5,0.7041268348693848,CHN1257,1923.3002227026593
MGRS-51RTP-0087,2.717441,1,5,0.7041268348693848,CHN0135,1866.7716504883094
MGRS-51RTP-0135,2.717441,1,5,0.12061815708875655,CHN0843,1685.1699027837674
MGRS-51RTP-0148,2.717441,1,5,0.15652349591255188,CHN0920,1144.6255404058475
MGRS-51RTP-0149,2.717441,1,5,0.08181174099445343,CHN0922,1486.387970944791
MGRS-51RTP-0177,2.717441,1,5,0.1469048410654068,CHN0921,2024.05377735375
MGRS-51RTP-0215,2.717441,1,5,0.07626421004533768,CHN1190,1010.769080952483
MGRS-51RTP-0314,2.717441,1,5,0.9304490685462952,CHN0950,835.2608493736079
MGRS-51RTP-0617,2.717441,1,5,0.4475323557853699,CHN1239,633.2489657579101
MGRS-51RTP-0618,2.717441,1,5,0.3798266053199768,CHN0171,1674.5824565435603
MGRS-51RTP-0813,2.717441,1,5,0.4787149727344513,CHN0009,1728.356728798127
MGRS-51RTP-0933,2.717441,1,5,0.02967442013323307,CHN0603,1464.7753625951082
MGRS-51RTP-0968,2.717441,1,5,0.044408656656742096,CHN0819,1146.9558140816034
MGRS-51RTP-1003,2.717441,1,5,0.1905351430177689,CHN1247,1499.9174120228945
MGRS-51RTQ-0617,1.3170030000000001,1,5,0.04958048462867737,CHN0243,983.239600942439
MGRS-51RTQ-0644,1.3170030000000001,1,5,0.09630488604307176,CHN1049,1685.1388509457063
MGRS-51RTQ-0653,1.3170030000000001,1,5,0.4783350229263306,CHN0173,840.0522912613533
MGRS-51RTQ-0654,1.3170030000000001,1,5,0.9096721410751344,CHN1016,1530.4888940809371
MGRS-51RTQ-0689,1.3170030000000001,1,5,0.2431212961673737,CHN0141,1027.4260447203767
MGRS-51RTQ-0742,1.3170030000000001,1,5,0.932062566280365,CHN1050,273.76701458983723
MGRS-51RTQ-0881,1.3170030000000001,1,5,0.03144945949316025,CHN1051,1512.5000871664272
MGRS-51RTQ-0917,1.3170030000000001,1,5,0.24018065631389615,CHN1052,875.1243291987669
MGRS-51RTQ-0982,1.3170030000000001,1,5,0.08058546483516693,CHN1053,1848.1187636431343
MGRS-51RTQ-1041,1.3170030000000001,1,5,0.07023578882217407,CHN0919,1574.675202072588
MGRS-51RTQ-1045,1.3170030000000001,1,5,0.7998152375221252,CHN1257,1486.4232493187467
MGRS-51RTQ-1045,1.3170030000000001,1,5,0.7998152375221252,CHN0135,1335.707816840722
MGRS-51RUN-0384,4.447958,1,5,0.9686356782913208,CHN0021,989.3622898665957
MGRS-51RUQ-0273,1.399205,1,5,0.3456107378005981,CHN0004,1784.7712560384464
MGRS-51RUQ-0687,1.399205,1,5,0.1212390586733818,CHN0007,1936.2137920073205
MGRS-51STA-0240,0.4868960082530975,1,5,0.5333456993103027,CHN1126,1056.806597055468
MGRS-51STA-0295,0.4868960082530975,1,5,0.6320769786834717,CHN1127,1525.642437429538
MGRS-51STA-0501,0.4868960082530975,1,5,0.23825018107891086,CHN1125,1615.2665363607957
MGRS-51STA-0818,0.4868960082530975,1,5,0.4466623365879059,CHN1140,1709.2641536554245
MGRS-51STA-0977,0.4868960082530975,1,5,0.4607211351394653,CHN1123,1538.1720494006568
MGRS-51STB-0093,0.2365819960832596,1,5,0.10408467799425124,CHN0229,1215.007254186919
MGRS-51STR-0167,1.568878,1,5,0.3222586214542389,CHN0025,1268.218678033903
MGRS-51STR-0167,1.568878,1,5,0.3222586214542389,CHN1216,676.8186091113466
MGRS-51STR-0597,1.568878,1,5,0.04372764378786087,CHN0008,1066.5009177491813
MGRS-51STR-0642,1.568878,1,5,0.08177309483289719,CHN0975,1264.4960907677964
MGRS-51STS-0829,0.476016,1,5,0.11326991766691208,CHN1026,2262.539021065354
MGRS-51STT-0541,3.2872529999999998,1,5,0.4531421065330506,CHN0028,1869.6739139733975
MGRS-51SUA-0022,0.18195399641990664,1,5,0.2829386293888092,CHN1131,1684.8806705597865
MGRS-51SUB-0061,0.21279500424861908,1,5,0.07032307982444763,CHN0712,2211.2863851895204
MGRS-51SUB-0213,0.21279500424861908,1,5,0.9752829670906068,CHN0714,1791.8995277969059
MGRS-51SUB-0213,0.21279500424861908,1,5,0.9752829670906068,CHN1217,259.977544079091
MGRS-51SUB-0837,0.21279500424861908,1,5,0.08311077207326889,CHN1128,2031.23915158038
MGRS-51SUD-0091,0.7437430024147034,1,5,0.2632720172405243,CHN0742,1902.423435060915
MGRS-51SUD-0186,0.7437430024147034,1,5,0.08411133289337157,CHN0716,1863.0004937141669
MGRS-51SUD-0325,0.7437430024147034,1,5,0.0820932388305664,CHN0231,2020.9435512784546
MGRS-51SUD-0480,0.7437430024147034,1,5,0.5464544296264648,CHN0481,593.8062458361409
MGRS-51SUD-0480,0.7437430024147034,1,5,0.5464544296264648,CHN0914,599.2310009882714
MGRS-51SVD-0106,0.1746309995651245,1,5,0.7858853936195374,CHN0233,1657.4872126157761
MGRS-51TTE-0565,0.10691100358963013,1,5,0.05846720933914185,CHN0563,2389.0639480455
MGRS-51TTF-0084,0.189598,1,5,0.9277092814445496,CHN0103,651.9514874639484
MGRS-51TTG-0691,0.095849,1,5,0.044403057545423515,CHN0103,965.2768301557701
MGRS-51TUH-0247,0.035342,1,5,0.2976256310939789,CHN1188,1045.138885428954
MGRS-51TUK-0064,0.08101799999999999,1,5,0.15787242352962494,CHN1075,2544.636496223227
MGRS-51TVE-0248,0.3216849863529205,1,5,0.06639153510332108,CHN1223,1050.5818378202962
MGRS-51TVE-0367,0.3216849863529205,1,5,0.2404959797859192,CHN1224,1350.6217246989027
MGRS-51TVF-0473,0.6172980070114136,1,5,0.765849232673645,CHN0413,555.4343386612229
MGRS-51TVF-0486,0.6172980070114136,1,5,0.20518244802951813,CHN1117,1590.5037729581784
MGRS-51TVF-0546,0.6172980070114136,1,5,0.17651639878749847,CHN1118,1905.7998650581437
MGRS-51TVF-0918,0.6172980070114136,1,5,0.20485353469848636,CHN0949,1727.3662727337485
MGRS-51TVM-0081,0.176293,1,5,0.9346805214881896,CHN1204,1895.8812559982073
MGRS-51TVM-0285,0.176293,1,5,0.09320173412561417,CHN1236,1725.3927144081672
MGRS-51TVM-0285,0.176293,1,5,0.09320173412561417,CHN0334,1465.3647939636016
MGRS-51TWE-0431,0.14616499841213226,1,5,0.11117365956306458,CHN0915,1491.549392733964
MGRS-51TWH-0805,0.044353,1,5,0.2106993943452835,CHN0782,1224.9904282514212
MGRS-51TXE-0295,0.14969800412654874,1,5,0.057216566056013114,CHN0915,1265.752797834398
MGRS-51TXE-0336,0.14969800412654874,1,5,0.9199008345603944,CHN0916,1862.4417823971505
MGRS-51TXH-0179,0.17033299803733826,1,5,0.5856425762176514,CHN0087,972.0915166489103
MGRS-51TXJ-0674,0.08806200325489044,1,5,0.4548515975475311,CHN0428,1138.1388720641935
MGRS-51TYH-0122,0.08225599676370621,1,5,0.8901948928833008,CHN0424,1157.8401431223144
MGRS-51TYJ-0952,0.161496,1,5,0.13389985263347626,CHN0426,2390.509680642024
MGRS-51TYL-0146,0.194745,1,5,0.4562865495681762,CHN0425,2014.0973379176153
MGRS-51TYL-0694,0.194745,1,5,0.457743912935257,CHN1057,1994.0832490628195
MGRS-51TYN-0165,0.043085000000000005,1,5,0.10117650777101517,CHN0420,1933.9925228728957
MGRS-52TCR-0239,0.18031300604343412,1,5,0.985647439956665,CHN0425,614.1406535911018
MGRS-52TCT-0195,0.2165780067443848,1,5,0.1532927006483078,CHN0420,926.8259776249439
MGRS-52TEN-0297,0.097969,1,5,0.15381424129009247,CHN0780,1778.8659848283726
MGRS-52TEN-0650,0.097969,1,5,0.9876604080200196,CHN0418,324.5481065683821
MGRS-52TES-0229,0.21360500156879425,1,5,0.04290300235152245,CHN0316,1481.2493435907606
MGRS-52TFS-0628,0.169479,1,5,0.3579740524291992,CHN0442,1522.9875281263655
MGRS-49RDK-0360,2.864805,2,5,0.05944629013538361,CHN1013,1602.4419553836294
MGRS-49RGK-0510,3.8695130348205566,2,5,0.09221465140581132,CHN1002,1354.7916172941882
MGRS-49RGL-0139,4.343833923339844,2,5,0.12708978354930878,CHN0682,1772.1535927171892
MGRS-49RGL-0155,4.343833923339844,2,5,0.5733016133308411,CHN1041,1206.438849293585
MGRS-49RGN-0041,4.542515,2,5,0.8333777785301208,CHN0996,470.09016085848396
MGRS-49RGP-0158,3.2687799930572514,2,5,0.07112111896276474,CHN0978,1636.2890038471144
MGRS-49SBU-0321,0.18799500167369845,2,5,0.1377652883529663,CHN1099,1439.9559163617107
MGRS-49SBU-0323,0.18799500167369845,2,5,0.9742461442947388,CHN0415,130.24470083720666
MGRS-49SCT-0218,0.12668800354003906,2,5,0.047917451709508896,CHN0625,1127.7313323342978
MGRS-49SDV-0054,0.837267,2,5,0.812091588973999,CHN0952,372.53861206056126
MGRS-49SFS-0035,0.41366198658943176,2,5,0.9654032588005066,CHN0166,264.25243397402147
MGRS-49SFT-0001,0.3334270119667053,2,5,0.36429327726364136,CHN0239,2092.593995740436
MGRS-49SFU-0107,0.787796,2,5,0.25149792432785034,CHN0239,1542.855119765699
MGRS-49SFV-0104,0.1518000066280365,2,5,0.2071921527385712,CHN0406,1736.8710717130132
MGRS-49SGA-0036,0.4844140112400055,2,5,0.06807367503643036,CHN1209,1368.9970992794636
MGRS-49SGA-0262,0.4844140112400055,2,5,0.7690841555595398,CHN0088,517.5111760097266
MGRS-49SGA-0328,0.4844140112400055,2,5,0.6323932409286499,CHN0953,474.97163486339434
MGRS-49SGA-0412,0.4844140112400055,2,5,0.20748285949230194,CHN0080,1715.8308814516606
MGRS-49SGA-0670,0.4844140112400055,2,5,0.18574675917625427,CHN0868,1912.8099343122026
MGRS-49SGA-0721,0.4844140112400055,2,5,0.3430112600326538,CHN0121,1860.0795868090008
MGRS-49SGA-0721,0.4844140112400055,2,5,0.3430112600326538,CHN0321,748.7852625701095
MGRS-49SGV-0235,0.3432770073413849,2,5,0.06581314653158188,CHN0407,1891.064501416369
MGRS-49SGV-0249,0.3432770073413849,2,5,0.33042389154434204,CHN0332,1820.4412653250904
MGRS-49SGV-0279,0.3432770073413849,2,5,0.05976692587137222,CHN0406,1037.142732420167
MGRS-49TFG-0087,0.05318200000000001,2,5,0.15504510700702667,CHN0160,1882.5588035902417
MGRS-50QMM-0039,4.543954849243164,2,5,0.048570606857538216,CHN0274,1755.501651433702
MGRS-50QMM-0266,4.543954849243164,2,5,0.05824073031544685,CHN1108,882.1479128573368
MGRS-50RKV-0228,1.235955,2,5,0.12236090749502182,CHN0974,1790.6830930797234
MGRS-50RLR-0285,3.437269926071167,2,5,0.17869192361831665,CHN1035,976.1922761122845
MGRS-50RLR-0406,3.437269926071167,2,5,0.8692682385444641,CHN1021,1160.2494118937782
MGRS-50RLS-0095,4.944232,2,5,0.035305913537740714,CHN0027,1148.3188427962398
MGRS-50RLS-0286,4.944232,2,5,0.3090003728866577,CHN0509,1546.3840612200872
MGRS-50RLS-0345,4.944232,2,5,0.919672429561615,CHN1039,318.24154587570587
MGRS-50RLS-0411,4.944232,2,5,0.11870713531970978,CHN0003,1514.5434021683545
MGRS-50RLS-0736,4.944232,2,5,0.5103289484977722,CHN1030,1809.2205470762985
MGRS-50RLS-0831,4.944232,2,5,0.4200192391872406,CHN0829,994.6345490620448
MGRS-50RLT-0019,3.0494771003723145,2,5,0.06212509796023369,CHN0074,1487.8852705067522
MGRS-50RLT-0300,3.0494771003723145,2,5,0.030629286542534825,CHN0437,2353.6579555786625
MGRS-50RNV-0063,1.151573,2,5,0.7200336456298828,CHN0102,1166.913997412291
MGRS-50RNV-0089,1.151573,2,5,0.3330982029438019,CHN0692,1452.3149711520264
MGRS-50RNV-0094,1.151573,2,5,0.1696067750453949,CHN0887,1391.683459349847
MGRS-50RNV-0129,1.151573,2,5,0.17389263212680814,CHN1258,843.3756249373919
MGRS-50RNV-0494,1.151573,2,5,0.16445577144622806,CHN0763,2120.313650028817
MGRS-50RNV-0529,1.151573,2,5,0.0709531232714653,CHN0762,891.0031790861602
MGRS-50RNV-0565,1.151573,2,5,0.968009114265442,CHN0061,495.70082730934405
MGRS-50RNV-0790,1.151573,2,5,0.1761273741722107,CHN0040,1632.1104852532678
MGRS-50RNV-0791,1.151573,2,5,0.24747659265995026,CHN0604,1536.8734133199935
MGRS-50RPV-0366,1.169198,2,5,0.6751938462257385,CHN0032,737.847195562079
MGRS-50RPV-0467,1.169198,2,5,0.14306774735450745,CHN0034,1542.5216738439692
MGRS-50SMB-0153,0.9764599800109864,2,5,0.4871799647808075,CHN0011,98.14264421590867
MGRS-50SNB-0343,2.224919080734253,2,5,0.22430141270160675,CHN0877,829.3150694594818
MGRS-50SNB-0376,2.224919080734253,2,5,0.1227295845746994,CHN0228,1049.3155226534845
MGRS-50SND-0084,1.2591370344161987,2,5,0.37842339277267456,CHN1176,1178.103052937252
MGRS-50SND-0118,1.2591370344161987,2,5,0.08292684704065323,CHN1175,1266.4035366214168
MGRS-50SNF-0405,0.7280770000000001,2,5,0.568709671497345,CHN0720,1755.6103303480295
MGRS-50SQD-0216,1.606275,2,5,0.38447365164756775,CHN1088,1202.160194109693
MGRS-50TNK-0074,0.27666799999999997,2,5,0.097866453230381,CHN0888,1691.714431861893
MGRS-50TNK-0585,0.27666799999999997,2,5,0.5638474822044373,CHN0409,1646.5848469624304
MGRS-50TNK-0588,0.27666799999999997,2,5,0.9573189616203308,CHN1265,531.2698637267123
MGRS-50TNK-0623,0.27666799999999997,2,5,0.03940445557236672,CHN1264,2133.0964644434766
MGRS-50UQV-0024,3.7025449999999998,2,5,0.14000266790390015,CHN0378,1583.2166527360416
MGRS-50UQV-0024,3.7025449999999998,2,5,0.14000266790390015,CHN0382,1574.6890277584305
MGRS-51STS-0350,4.568458000000001,2,5,0.15658321976661682,CHN0391,1435.0688272717855
MGRS-51SUB-0011,0.964001,2,5,0.04579509049654007,CHN0712,2211.2863851895204
MGRS-51TWF-0017,0.18051700294017792,2,5,0.4618204236030578,CHN1151,869.3640575406511
MGRS-51TWF-0175,0.18051700294017792,2,5,0.2842618525028229,CHN0484,2635.6263642988392
MGRS-51TWF-0198,0.18051700294017792,2,5,0.11475985497236252,CHN1090,1449.2074065714544
MGRS-51TWF-0203,0.18051700294017792,2,5,0.07768846303224564,CHN1174,1342.3059842992109
MGRS-51TWF-0204,0.18051700294017792,2,5,0.20361995697021484,CHN0545,2174.0548251865694
MGRS-51TWF-0232,0.18051700294017792,2,5,0.1550680696964264,CHN0414,1820.1031616277705
MGRS-51TWF-0233,0.18051700294017792,2,5,0.06525354087352753,CHN1091,1389.2297042953103
MGRS-51TWF-0296,0.18051700294017792,2,5,0.038066059350967414,CHN0738,2393.8537477376553
MGRS-51TWF-0355,0.18051700294017792,2,5,0.2883065044879913,CHN0717,1658.000062589145
MGRS-51TXH-0273,0.346938,2,5,0.029243987053632736,CHN0178,2665.441022310481
MGRS-52TCP-0282,0.556886,2,5,0.6255238652229309,CHN0421,2061.0480273602398
MGRS-52TCP-0304,0.556886,2,5,0.3726795613765717,CHN1059,1283.7663921687333
MGRS-52TFS-0347,0.502895,2,5,0.47995141148567205,CHN0442,1522.9875281263655
