uid_v3,uid_v4.1,latitude,longitude,reported_capacity,num_labelers,plant_type,production_type,plant_area_mean,plant_area_median,plant_area_max,kiln_area_mean,kiln_area_median,kiln_area_max
AGO0001,AGO0002,-12.342644,13.581766,0.35,3,Grinding,Wet,36269.853554592686,35561.15930352431,38132.385993867945,92.4435714949596,0.0,277.3307144848788
ALB0003,ALB0001,41.549091,19.725338,1.4,3,Integrated,Dry,424918.9035751378,405673.43981519784,491371.7927341473,313.07717057728235,298.99656814329177,348.91948876539453
ARE0003,ARE0008,25.552944,56.226827,3.2,3,Integrated,Dry,1083715.4298764765,1127528.6171466722,1131933.1125485422,650.9263895912101,600.5545685628376,756.1563925137783
ARG0001,ARG0003,-36.982432,-60.243942,2.4,3,Integrated,Dry,699048.3008280712,512173.35510081553,1302721.340906628,373.21719819802934,385.77742621975824,394.5313262842884
ARG0002,ARG0020,-32.862443,-66.850896,0.35,3,Integrated,Dry,603686.3920272174,558810.0336073064,724138.7451533013,353.0033625033598,346.9054648959259,443.6647938294663
BEL0002,BEL0010,51.163852,3.766917,1.0,3,Grinding,Wet,248518.01040966355,62375.60765117538,626230.7561801785,0.0,0.0,0.0
BEL0005,BEL0001,50.576126,3.442482,0.9,3,Integrated,Dry,176803.50703521993,222985.0640287347,231207.83855421492,254.44735712455198,269.271687972294,269.33392230042176
BEL0006,BEL0003,50.765227,5.673726,1.5,3,Integrated,Dry,329508.0654380075,394547.70625812496,545591.5935343495,449.3494875122792,438.1197150967038,483.58756163822756
BEL0007,BEL0007,51.152206,3.786993,1.5,3,Grinding,Wet,117436.87901454752,91337.42524917543,173029.32682004003,0.0,0.0,0.0
BOL0001,BOL0009,-21.247315,-65.20765,0.33799999999999997,3,Integrated,Dry,47586.65378294655,61345.71787057268,69047.54970032249,330.7539563298273,264.6828226106267,532.1989830900563
BOL0002,BOL0011,-17.93615,-67.077067,0.166,3,Integrated,Dry,69453.77701046587,35790.54749630114,156021.4431656004,223.59066173764256,192.3528808304735,290.4265420570585
BOL0003,BOL0008,-17.568654,-63.150661,0.20199999999999999,3,Grinding,Wet,178337.98479441958,174232.85499919587,254868.2994776416,0.0,0.0,0.0
BOL0004,BOL0007,-16.647194,-68.316934,2.0,3,Integrated,Dry,326621.8787608781,205536.8740125301,591156.2294406884,392.8447533332273,468.1101238353838,480.48774778509954
BOL0005,BOL0010,-18.951114,-58.278028,0.95,3,Integrated,Dry,404642.94033970597,417737.30726371007,542556.5497339247,143.86481526970678,98.64140194103061,332.95304386808976
BRA0001,BRA0002,-19.513164,-44.276622,,3,Integrated,Dry,494911.53985088924,483677.7672604335,519441.6833098412,163.42231543347927,150.59775085347812,192.3116164163941
BRA0002,BRA0066,-7.477499,-34.844648,,3,Integrated,Dry,281284.53129052714,268524.5904475534,373652.3258439616,276.1806778643904,265.83084528948876,356.5181950202152
BRA0036,BRA0108,-20.729127,-41.1287,0.19,3,Grinding,Wet,41124.321342816,38996.320829365,54113.60367422175,10.239847681901475,0.0,30.719543045704427
BRA0037,BRA0069,-26.81867,-49.156976,0.4,3,Grinding,Dry,38685.22855109215,37990.688998429105,43051.63343463218,80.25338396800622,0.0,240.76015190401867
BRA0038,BRA0068,-24.669459,-48.979959,1.8,3,Integrated,Dry,137598.05641202285,104393.51741424444,205051.5950733103,246.27355194368107,229.39587455128094,313.25991120435543
BRN0001,BRN0001,5.012333,115.064836,0.5,3,Grinding,Wet,74143.40111033038,96092.74054590233,99170.76245010433,0.0,0.0,0.0
CAN0014,CAN0009,51.060709,-115.171522,2.2,3,Integrated,Dry,223205.65564494452,187076.77971501366,298569.81853506534,602.4587230719101,727.1861899852506,742.7792299402545
CHN0001,CHN0024,21.331892,110.303199,3.2,3,Grinding,Wet,206514.3972661682,212130.65072733883,233830.11379244234,0.0,0.0,0.0
CHN0002,CHN1107,21.690076,110.837207,1.5,3,Grinding,Wet,130989.0230690138,132232.6429494671,136577.28301094822,0.0,0.0,0.0
CHN0003,CHN0026,22.215127,113.099766,3.2,2,Grinding,Wet,176870.35296787287,176870.35296787287,180757.0835020675,0.0,0.0,0.0
CHN0006,CHN0044,22.709022,109.805221,3.6,3,Integrated,Dry,349253.86894648906,356884.5702308231,377421.6408159883,444.76855520125764,557.216055930365,627.4717420941356
CHN0007,CHN0047,22.766407,110.420957,3.6,3,Integrated,Dry,355470.1231731884,271322.9722017664,526686.045453666,429.86737633611114,368.4152569685431,605.0289858115889
CHN0009,CHN1100,23.126318,107.657118,4.2,2,Integrated,Dry,265325.92381233897,265325.92381233897,286895.1354830783,234.76624321721306,234.76624321721306,276.8059142604061
CHN0013,CHN0941,24.206132,106.602861,2.3,3,Integrated,Dry,192921.9470606622,149806.83852390258,369133.3656798468,244.99941439427,322.8716766758848,412.12656650692514
CHN0014,CHN0053,24.268659,113.415031,6.4,3,Integrated,Dry,504144.7749160133,303838.46394856786,1016705.7170003168,1613.2710567161128,1603.035990704148,1953.7982657924206
CHN0021,CHN0927,25.45623,114.889669,2.92,3,Integrated,Dry,253021.63580414077,153333.78212070576,454701.4671273766,928.1669564171336,697.5805435131895,1463.2883388706825
CHN0022,CHN0058,25.636225,110.658047,7.9,3,Integrated,Dry,326992.1572593317,327353.9141816639,352193.91594724613,664.0796001044481,679.697610234772,726.8468831309765
CHN0033,CHN1087,27.673947,111.866676,2.2,3,Integrated,Dry,504554.67134279275,501432.352019548,529150.6896854738,266.7886568070635,267.2920768176312,296.7070659110464
CHN0035,CHN0056,27.834027,111.172324,4.4,3,Integrated,Dry,464747.32627258677,588880.7772540263,669074.8660863513,681.2389498614958,747.7948465048589,912.794925461469
CHN0036,CHN0043,27.859691,114.747611,2.8,3,Integrated,Dry,496434.8150396895,564898.2075001219,665733.9513014702,249.93256727767906,281.7426689015209,468.0550329315163
CHN0037,CHN1231,28.161762,121.095623,2.0,2,Grinding,Wet,127564.16089763897,127564.16089763897,129156.38169650995,0.0,0.0,0.0
CHN0038,CHN1011,28.216826,111.660772,2.2,3,Integrated,Dry,361081.87158051063,373753.0446608252,467838.0692171169,297.7952414236833,422.65398884875594,470.7317354222939
CHN0039,CHN1069,28.301628,116.445885,2.2,3,Grinding,Wet,99380.71326356057,96925.66450460828,115379.02612781609,0.0,0.0,0.0
CHN0040,CHN0003,28.492576,115.951121,1.5,3,Grinding,Wet,153155.6699299474,134913.7993526244,270091.54822699266,242.08092749756182,0.0,726.2427824926855
CHN0043,CHN0027,28.833796,115.958428,4.0,3,Grinding,Wet,143844.6450537741,137425.46803356506,180520.4358562181,0.0,0.0,0.0
CHN0044,CHN0045,29.33424,119.050244,3.6,3,Integrated,Dry,367634.73241684615,379630.79739528487,414961.8320799399,679.4302083147098,641.8592159540275,771.983355058154
CHN0045,CHN0021,29.48981,121.504058,4.4,3,Grinding,Wet,98620.71430306818,105908.28728963289,121147.31305764377,0.0,0.0,0.0
CHN0046,CHN0031,29.50057,121.652595,4.4,3,Grinding,Wet,135870.522839521,151459.32901202107,152959.0278300757,0.0,0.0,0.0
CHN0049,CHN1038,29.605146,116.124686,2.9,3,Grinding,Wet,150241.00658091443,117927.59386419364,217793.0182921658,0.0,0.0,0.0
CHN0050,CHN0014,29.907604,118.473234,2.2,3,Grinding,Wet,76968.39991621497,79801.00240900066,84193.51538053082,0.0,0.0,0.0
CHN0051,CHN0020,29.931804,121.855355,3.2,3,Grinding,Wet,121787.48279551307,117728.36279666361,156193.95978223794,9.878009743325654,0.0,29.63402922997696
CHN0052,CHN0009,30.010728,120.804755,1.0,3,Grinding,Wet,77918.35295264216,42549.23698092593,149894.3733424585,0.0,0.0,0.0
CHN0066,CHN0004,31.355912,121.517068,0.9,3,Grinding,Wet,81279.79038328498,69557.50099201468,121673.84489886512,0.0,0.0,0.0
CHN0067,CHN0017,31.479261,121.213155,1.85,3,Grinding,Wet,78117.90042188282,74004.27057555731,110046.09552778002,0.0,0.0,0.0
CHN0069,CHN0012,31.748599,116.331386,3.3,2,Grinding,Wet,240034.38125843648,240034.38125843648,245504.69024051877,0.0,0.0,0.0
CHN0070,CHN0019,31.76786,118.491851,3.8,3,Grinding,Wet,502393.61578003195,611192.2275771003,732857.1551059879,0.0,0.0,0.0
CHN0071,CHN0016,31.78915,121.102005,3.2,3,Grinding,Wet,212688.5825380887,248902.37954373375,257799.11217963588,0.0,0.0,0.0
CHN0073,CHN0023,32.004975,117.248183,1.8,3,Grinding,Wet,139780.59576590155,143699.15893320288,156587.37014595867,0.0,0.0,0.0
CHN0079,CHN1216,32.317452,119.825483,4.4,3,Grinding,Wet,372442.5714805103,462180.92444375134,483317.366769736,0.0,0.0,0.0
CHN0082,CHN0011,32.695577,116.748146,4.4,3,Grinding,Wet,121013.20063753347,121596.81390383534,147166.43196440677,0.0,0.0,0.0
CHN0083,CHN0005,32.923638,117.439757,2.4,3,Grinding,Wet,375337.3948278782,260246.21737380745,694946.5291037738,0.0,0.0,0.0
CHN0085,CHN0010,33.417669,119.042408,4.4,3,Grinding,Wet,561460.783170523,325116.66304296936,1112220.6309107984,0.0,0.0,0.0
CHN0086,CHN0030,33.596743,118.966544,1.65,3,Grinding,Wet,111329.10125897129,61306.57593489306,221964.38026836477,0.0,0.0,0.0
CHN0096,CHN0046,35.614648,117.442907,2.2,3,Integrated,Dry,437488.86825923633,405581.43099058565,769209.9792970972,318.38544122684124,316.4032962450137,345.15605333309054
CHN0098,CHN0509,28.618066,115.964109,0.65,2,Grinding,Wet,51620.917602324,51620.917602324,59125.90172969404,0.0,0.0,0.0
CHN0100,CHN0072,29.917936,115.420949,2.0,3,Grinding,Dry,302794.992877189,343135.12742479425,371865.1953975989,121.0051443648019,0.0,363.0154330944057
CHN0101,CHN1201,30.273756,114.32873,1.4,3,Grinding,Wet,68527.94410765877,72865.8312268411,79447.67308552584,0.0,0.0,0.0
CHN0102,CHN0760,30.60216,114.138749,2.3,3,Grinding,Wet,66440.24860649733,75857.81634802981,84670.36521582931,0.0,0.0,0.0
CHN0104,CHN0073,30.976399,103.908381,6.0,3,Grinding,Dry,430033.5745849147,503224.58841263095,555355.5888976008,300.4991494102418,0.0,901.4974482307254
CHN0105,CHN0776,32.268448,119.411291,3.0,3,Grinding,Wet,80491.58133265568,79363.0617531434,86679.8347248573,0.0,0.0,0.0
CHN0106,CHN1133,19.235544,108.999663,2.19,3,Integrated,Dry,376325.44978853303,376082.2100333587,396026.956148267,621.5205767215,417.89366270435227,1097.944565129767
CHN0108,CHN1158,22.742819,111.732139,2.0,3,Integrated,Dry,341109.49409086665,357441.9422829945,443552.6531592018,282.673117272809,290.1517427103033,340.84382521302757
CHN0110,CHN0681,23.053386,111.998378,2.0,3,Integrated,Dry,307853.9234029573,337882.2858775727,443744.62590087176,367.9286066749821,399.5205012541328,413.19353886787064
CHN0114,CHN1003,25.751919,112.774096,1.0,3,Grinding,Wet,32147.34351938617,31785.54246007701,33605.73271671279,0.0,0.0,0.0
CHN0115,CHN1000,25.844446,115.865441,2.19,3,Integrated,Dry,222278.80094154825,220922.20397545485,253968.47404207056,255.42931400992467,234.95164830864874,311.1201666502817
CHN0116,CHN0157,25.959229,113.238784,2.0,3,Integrated,Dry,248838.04670638716,246362.97728568566,261482.87358510768,567.3609528875512,562.3348012178645,590.6391971037785
CHN0117,CHN0148,26.340874,112.811689,3.2,3,Integrated,Dry,315529.27891495556,317192.9957263656,341074.82942769537,550.9498587194008,546.0007898689096,604.9091526573841
CHN0131,CHN0682,27.697284,113.825503,3.0,3,Integrated,Dry,295070.3423595836,280907.1329179177,329118.877973287,537.5168983368382,558.7194197765806,630.6427737902933
CHN0136,CHN0694,27.963997,113.216266,2.0,3,Integrated,Dry,167612.23115172292,154927.70698272053,206281.14766903452,375.1963753319151,388.09534427623595,388.5658523280551
CHN0137,CHN0697,27.983793,112.847056,2.0,3,Integrated,Dry,185361.26906246218,190088.90111665076,197808.88667105837,386.6916255338715,405.631857272854,405.9815163864068
CHN0143,CHN1032,28.264659,117.145255,2.0,3,Grinding,Wet,69193.38243511433,76493.16021934518,79043.73006832146,0.0,0.0,0.0
CHN0150,CHN1242,28.941969,118.491982,1.6,3,Integrated,Dry,190400.73394912222,211300.03276318376,238577.49877761697,405.793220153387,417.10187917177063,439.47495047420114
CHN0160,CHN0696,29.311703,111.315189,1.0,3,Integrated,Dry,212752.75043857333,205560.39844472584,243589.09507184586,210.1357338383272,210.88853498995798,234.78394168079004
CHN0162,CHN0964,29.679576,118.237402,1.2,3,Grinding,Wet,44647.36250594759,48970.88154894097,51005.56982021416,0.0,0.0,0.0
CHN0163,CHN1247,29.814858,120.347015,1.5,3,Grinding,Wet,77240.38429968216,77866.54035219518,83887.14529819768,0.0,0.0,0.0
CHN0164,CHN0176,29.827321,119.686369,1.7,3,Integrated,Dry,162705.63136954152,132115.57337726327,235829.5590081844,391.3482144315764,412.5942005995913,457.8643339976496
CHN0165,CHN0925,29.875153,119.742454,1.5,3,Integrated,Dry,598361.6733233025,288920.07425161,1290114.917977724,305.0047026913843,310.4740736218121,314.53590221418995
CHN0170,CHN0913,30.148734,121.214294,0.5,3,Grinding,Wet,21655.063820111496,20849.644196940077,23833.715859290667,23.872794147679937,0.0,71.6183824430398
CHN0174,CHN0921,30.559768,120.09114,1.65,3,Integrated,Dry,104056.93328680097,89740.7185764663,136642.77485246945,158.00674016830772,167.45821002565447,185.59865795176785
CHN0175,CHN0920,30.581061,120.189699,2.6,3,Integrated,Dry,123439.83502514768,144156.73289903122,192355.58575315107,177.93219359803498,216.45595425472186,317.3406265393831
CHN0177,CHN0919,30.633487,120.234028,0.5,3,Grinding,Wet,77085.86418776787,21786.134879381145,198725.23868623748,0.0,0.0,0.0
CHN0178,CHN0135,30.648885,120.366445,1.1,3,Integrated,Dry,81544.12597523519,85234.97382308554,85664.99730870844,187.53148466815964,198.07744406532694,211.81963689376892
CHN0188,CHN1049,30.971,120.774617,1.2,3,Grinding,Wet,103230.03314724869,104648.0976541482,106006.47132514667,0.0,0.0,0.0
CHN0194,CHN0182,31.091001,119.68622,3.6,3,Integrated,Dry,470817.3278228847,479884.81635291595,521400.26891483937,1044.035798764684,1075.95477827488,1213.738895702369
CHN0197,CHN0886,31.109304,119.721986,2.7,3,Integrated,Dry,555743.2337148285,510681.7350031671,761429.4203789914,601.7823605298577,543.55147346526,734.3098001187292
CHN0205,CHN0692,31.518947,117.752078,5.0,3,Integrated,Dry,365286.4829756887,405268.6028621631,418725.59569838276,981.5213116396434,976.4610451946007,996.2142475401117
CHN0211,CHN0695,33.099215,106.992661,2.0,3,Integrated,Dry,294366.9362532457,306571.18965954345,309734.5835797952,420.986025425333,422.80419518876704,424.5291136136241
CHN0248,CHN0121,36.087736,114.068821,2.555,3,Integrated,Dry,155281.83785465983,104616.5903305118,265262.1736356824,283.1479096430161,305.30098360960693,306.0614116128851
CHN0252,CHN0177,36.759877,118.40628,4.38,3,Integrated,Dry,384219.0567217612,396757.2505951398,468855.1949446822,791.7215050300292,790.3324835650933,796.5612012591223
CHN0345,CHN1230,26.603678,111.471374,2.19,3,Integrated,Dry,358789.9983841103,362250.90732011123,367764.339850941,436.91879272832443,389.46648218337054,573.9183832152593
CMR0001,CMR0004,4.068957,9.699083,1.5,3,Grinding,Wet,78523.61108359367,88467.30179489798,89829.80760780686,0.0,0.0,0.0
COG0001,COG0003,-4.15534,13.545243,1.5,3,Grinding,Wet,70814.25983774544,67948.42569905378,76838.41387204883,0.0,0.0,0.0
CRI0002,CRI0001,10.199791,-85.182032,0.9,3,Integrated,Dry,144266.00304113457,147341.79703692798,252781.8857452087,238.77931836442468,273.59907148435707,308.8101339227115
CYP0001,CYP0001,35.324213,34.006432,0.45,3,Grinding,Wet,50537.84613892659,50107.47085958894,75821.0450880999,0.0,0.0,0.0
CZE0001,CZE0001,49.558913,17.766342,1.1,3,Integrated,Dry,170869.68584193822,208604.37673397656,242042.34914616178,254.28236042677565,234.53472534271125,308.79550782948866
DEU0012,DEU0031,50.520752,6.560266,0.45,3,Integrated,Dry,20761.11084135103,21039.871396892693,21179.388254637255,162.60577210093084,123.22165978781197,246.0662793554433
DEU0013,DEU0032,51.270124,11.660638,2.3,3,Integrated,Dry,226561.25064734972,233428.71094677056,253119.39169875084,905.2526795166812,898.914616481984,1176.6386917684636
DOM0001,DOM0005,18.506193,-69.339805,2.6,3,Integrated,Dry,362178.35547463555,183259.1708128845,815922.8546147895,440.94106358875507,461.8252692500309,512.2667043827992
DZA0015,DZA0001,35.096288,5.646743,2.7,3,Integrated,Dry,592947.3798135438,661162.4276483668,698719.867386711,262.8049619446117,242.9672781218123,316.9246446380883
DZA0016,DZA0014,35.532649,-0.27516,3.7,3,Integrated,Dry,1094357.1472604575,1078162.3992373783,1152041.8477218489,438.00125454982964,440.3893296922933,520.2480570772805
DZA0017,DZA0013,35.877318,4.445901,5.0,3,Integrated,Dry,1282459.8647655006,1320894.952502859,1442413.0056458153,733.6835631641027,768.7540227473578,813.6866335037469
EGY0007,EGY0002,30.881107,29.465165,5.0,3,Integrated,Dry,602935.8197982494,410442.4365570465,1065744.123914454,1036.5742166683913,1097.17979761474,1120.4981336232977
EGY0009,EGY0008,30.724086,33.772929,3.8,3,Integrated,Dry,808734.7453967914,251962.92766296605,1977860.934493829,762.9435782104267,742.460276071246,926.9128277586162
EGY0010,EGY0020,29.12715,31.268796,1.5,3,Integrated,Dry,753603.6748242055,995074.4714191819,1002294.8581615252,311.106476236089,340.80885190295254,398.6094988773719
ESP0002,ESP0002,37.276257,-5.992723,1.0,3,Grinding,Wet,98931.65200428777,41783.6681341652,213770.3711871812,0.0,0.0,0.0
ESP0005,ESP0011,38.209846,-1.008607,1.5,3,Grinding,Wet,60109.177262061006,59504.73427079766,63602.71446671457,0.0,0.0,0.0
ESP0008,ESP0022,37.359736,-5.865094,1.45,3,Integrated,Dry,231383.11338948432,262894.4833682722,328276.55982006964,430.0284533573531,441.9121817773755,470.4606302402244
ESP0009,ESP0019,40.244961,-3.474441,2.9,3,Integrated,Dry,567601.081493519,525462.293295264,671855.897744215,1105.6686778903625,1038.3936589982968,1319.4729729963215
ESP0010,ESP0055,41.316271,1.729998,1.8,3,Grinding,Wet,34610.0758745887,21728.175489768884,63065.76202489868,0.0,0.0,0.0
ESP0011,ESP0021,41.941676,-4.46587,0.815,3,Grinding,Dry,172116.94935501058,191722.30932546992,223101.63639176945,0.0,0.0,0.0
ESP0012,ESP0001,42.874825,-4.15978,0.83,3,Integrated,Dry,103698.14000359514,69118.25028687992,194744.11545435546,106.8208803456247,103.60116034379318,131.94665788835138
ESP0013,ESP0020,42.882983,-2.190187,1.055,3,Integrated,Dry,130645.37591205539,129276.05656842956,149041.7211911137,243.7921355313391,208.58537566341795,343.2189503151032
ESP0038,ESP0036,41.510001,0.891293,1.0,3,Grinding,Wet,309462.73597829265,305430.78333961975,318651.5695642907,0.0,0.0,0.0
ETH0001,ETH0003,9.42172,38.341658,2.5,3,Grinding,Dry,620477.5628669197,649974.4682139537,657818.8116425687,85.66325297409524,0.0,256.9897589222857
FRA0020,FRA0006,48.980312,1.820137,2.0,3,Integrated,Dry,80168.04382614967,77583.72142957037,86896.43055034269,315.6746308882039,308.0095509351037,338.97406981288407
GHA0001,GHA0007,5.621991,-0.014344,1.5,3,Grinding,Wet,49006.411759836155,43749.73862454922,72572.72964734229,0.0,0.0,0.0
GTM0001,GTM0004,13.969258,-90.794927,0.5,3,Grinding,Wet,68954.68989187897,79324.97610054852,85352.8844567399,6.4406213817788975,0.0,19.321864145336693
IND0001,IND0182,20.928244,78.922224,0.58,3,Grinding,Wet,43554.03129490822,41614.6961562406,61136.74358405217,0.0,0.0,0.0
IND0002,IND0047,23.562013,87.23354,2.3,3,Grinding,Wet,121176.27066497074,124162.94572330851,124782.18650322054,42.36078283065832,0.0,127.08234849197497
IND0003,IND0186,24.254955,80.797654,3.0,3,Integrated,Dry,358276.914372685,370195.86630340305,376306.24604988494,301.2725728494329,315.2951490188001,389.2061749552309
IND0004,IND0046,24.595585,80.858324,2.2,3,Integrated,Dry,677179.5556932905,527324.6962840965,982411.2463304101,496.7858482396746,434.6079031763829,710.4677504781148
IND0005,IND0048,24.930921,74.634164,4.0,3,Integrated,Dry,453373.9498924436,221793.89689157106,1049422.0712042393,817.5979638468125,793.6370688674962,1028.8056140830236
IND0006,IND0045,26.253459,81.250948,1.3,3,Grinding,Wet,24588.592095731157,21190.37694065671,33776.35157194383,0.0,0.0,0.0
IND0007,IND0185,26.404843,81.130322,2.0,3,Grinding,Wet,128499.35371949078,112626.24699729349,169089.16704841924,0.0,0.0,0.0
IND0014,IND0062,19.724394,79.176075,6.0,3,Integrated,Dry,812937.1267230444,532724.6954967539,1408063.4132099925,837.7869389790562,808.1133450480315,1007.482900808199
IND0015,IND0061,21.497474,81.78279,2.4,3,Integrated,Dry,1302981.301308889,520515.36909391783,3297575.678196368,516.8269392858906,492.6606285574916,592.299871068014
IND0016,IND0064,24.202644,80.799867,4.2,3,Integrated,Dry,598666.096979187,449997.45857339806,1090309.3306698154,881.4953801989561,924.9619534435426,1152.9119809580352
IND0017,IND0063,24.388462,88.083237,2.0,3,Integrated,Wet,266594.38061781466,134459.70585760605,539389.8879445369,100.53347721567623,150.38590500818228,151.2145266388464
IND0018,IND0066,10.712664,78.09319,4.5,3,Integrated,Dry,447582.42531114403,488807.8675196604,662681.7724592657,475.7978419124405,362.40002504307813,870.0224652704819
IND0019,IND0068,10.937116,78.152888,1.7,3,Integrated,Dry,187155.47180118028,200445.65230088116,209506.6937659424,134.102988395714,119.99914881698044,164.32015096921995
IND0056,IND0269,13.260661,80.306354,1.0,3,Grinding,Wet,55038.55146057419,38959.43340831749,108760.6954019763,29.40277497452813,0.0,88.20832492358439
IND0058,IND0272,14.60521,78.522478,4.6,3,Integrated,Dry,661259.2088403126,664070.148129341,1093499.5309750068,673.5601006092771,705.72679527165,720.6222639231896
IND0060,IND0288,17.540668,76.034869,0.95,3,Grinding,Wet,23895.029586269557,24263.149510227875,26000.30740130775,0.0,0.0,0.0
IND0063,IND0228,8.78885,77.730918,2.05,3,Integrated,Dry,435110.2685123702,462240.73328827793,483910.5943462964,480.14978097773354,473.31759839085817,599.9575859886503
IND0064,IND0221,11.357619,79.223045,1.85,3,Grinding,Dry,209927.79464579973,113802.3828648888,407997.6184042982,94.83380112249893,0.0,284.5014033674968
IND0065,IND0227,11.454468,77.828686,0.86,3,Integrated,Dry,127622.01232896236,82738.26768393524,249745.88013740952,74.39894290392643,92.56559081410353,130.63123789767576
IND0066,IND0225,13.241161,80.291687,1.1,3,Grinding,Wet,67673.87472594717,39704.087107401836,139706.33803616677,0.0,0.0,0.0
IND0067,IND0230,14.642947,78.528902,0.73,3,Grinding,Dry,141100.07222290197,63171.42547669844,311318.4620622468,0.0,0.0,0.0
IND0068,IND0222,14.665693,78.457835,1.46,3,Integrated,Dry,237759.33405528264,295465.37738787505,326587.57703259913,175.0751307539435,163.00464078701395,216.19716382273793
IND0069,IND0229,16.696363,79.648627,2.5,3,Integrated,Dry,482478.4294337534,581600.898127829,777965.7806925924,694.6168309982212,717.8289793078986,925.735376804233
IND0070,IND0224,17.308165,77.474324,2.4,3,Integrated,Dry,169562.96071494726,149463.55230789699,267091.38429748,352.40253560597034,315.1060801862672,457.5084527156696
IND0071,IND0226,18.861883,76.542925,1.1,3,Grinding,Wet,112731.38755385367,93119.56929270331,156522.94904502708,0.0,0.0,0.0
IND0072,IND0238,23.603059,74.256034,1.5,3,Integrated,Dry,271104.4039387256,215776.13673797395,431140.6571527464,188.7440432110582,176.7042050082331,222.72637165884456
IND0086,IND0112,15.179579,76.700306,0.6,3,Grinding,Wet,237854.7648349123,159238.1869299285,408840.94895210373,0.0,0.0,0.0
IND0087,IND0108,15.686282,78.458991,4.8,3,Integrated,Dry,832547.446976732,795013.5797217892,933104.2510750731,275.3028692031024,271.99731170884775,321.9652216434321
IND0088,IND0109,18.682155,73.03803,0.97,3,Grinding,Wet,58602.7324076538,62625.603644782605,68105.53580810914,0.0,0.0,0.0
IND0089,IND0280,22.576171,87.309609,2.4,3,Grinding,Wet,198046.79859109892,176287.2649357402,342234.2591859362,0.0,0.0,0.0
IND0119,IND0142,9.748529,76.362414,0.2,3,Grinding,Wet,20445.412917356458,13711.94446145192,38149.777163777246,0.0,0.0,0.0
IND0120,IND0144,10.848197,76.835789,0.66,3,Grinding,Dry,90921.71460672264,47543.7154832247,183783.46007920627,0.0,0.0,0.0
IND0121,IND0150,19.787467,79.064451,3.2,3,Integrated,Dry,215837.0257558995,160912.55027234656,395265.7015149634,309.0517275309679,295.0572430194147,342.18158105993473
IND0131,IND0284,14.27251,80.11508,2.0,3,Grinding,Wet,62954.87500705034,51753.29782423955,89936.01496178613,0.0,0.0,0.0
IND0132,IND0164,14.951422,78.075824,1.8,3,Integrated,Dry,149798.19871330983,166004.80585191862,193821.73443418962,296.6963639246969,296.47613854150393,312.83054693469705
IND0133,IND0166,15.061606,77.950937,2.0,3,Integrated,Dry,224566.13895308887,179412.51411220274,352605.10104013444,257.3563208965552,255.37521202788028,273.1666330610566
IND0134,IND0168,16.718672,79.694801,1.2,3,Integrated,Dry,216269.41528771486,186779.13672752792,377257.3644811086,154.64034767228253,136.48489305769402,199.68479486983466
IND0135,IND0165,17.296071,77.504923,2.0,3,Integrated,Dry,182624.84114103412,207533.16841059283,209310.46428414085,220.62357385710038,225.96438888272542,228.9694757347307
IND0136,IND0167,18.473438,74.484301,1.0,3,Grinding,Wet,50140.72069869485,59096.6578793041,60358.86907262721,0.0,0.0,0.0
IND0137,IND0177,9.455703,77.927796,2.0,3,Integrated,Dry,333313.8243317841,281489.2206215726,463326.4843874287,257.90668421762894,238.33555161392417,314.0115090652945
IND0138,IND0173,11.177107,79.08911,3.5,3,Integrated,Dry,547557.9056661888,555080.912365853,766786.6228307202,1218.082260984778,1419.3510640432212,1797.012491588578
IND0139,IND0176,11.361772,79.232041,3.05,3,Integrated,Dry,529873.2217794014,640161.3678102841,786827.5082101991,475.54554652704275,379.80275313069103,688.6253516387878
IND0140,IND0233,11.634286,78.403619,1.6,3,Grinding,Wet,48487.65539539475,47281.90549106883,58328.93293019294,0.0,0.0,0.0
IND0141,IND0232,12.643418,79.69946,0.5,3,Integrated,Dry,112015.30605192635,88563.22726356576,186393.66511015946,368.2600398862149,312.20665817090384,510.0364551948626
IND0142,IND0175,13.758783,76.422107,0.29,3,Integrated,Dry,106927.46841419762,122331.9964050903,176801.6163704406,149.5326584713846,148.19173458533828,203.1034580725875
IND0143,IND0174,16.875719,80.1215,3.65,3,Integrated,Dry,359928.17613210494,252206.5297057782,616270.073235067,672.9176765630913,415.61575946723065,1195.605314755574
IND0144,IND0234,17.617542,82.891222,0.95,3,Grinding,Wet,94442.470088084,94434.59165180686,166415.48248719212,0.0,0.0,0.0
IND0145,IND0231,22.423362,87.862852,1.95,2,Grinding,Wet,202060.8232747332,202060.8232747332,207985.1991690648,0.0,0.0,0.0
IND0146,IND0190,15.075325,77.982725,1.0,3,Integrated,Dry,431253.5458058725,518039.2115809968,524917.7211077041,163.56447822093767,167.62538709397475,188.17325199523785
IND0160,IND0040,14.586917,78.579757,5.0,3,Integrated,Dry,405761.89478014,335267.49674790044,712336.8794131005,656.5976457992601,661.341926657532,695.7618807669786
IND0161,IND0267,17.303447,77.43615,2.75,3,Integrated,Dry,392881.2146381646,329761.50339247286,670384.1082390598,302.21199694301214,309.91897582424826,345.4050105657786
IRN0005,IRN0031,29.253013,54.475132,0.165,3,Integrated,Dry,134280.49850682137,123799.1526660882,168189.579001842,118.58555368800457,121.93787362482729,233.81878743918642
IRN0013,IRN0025,37.452818,57.686191,0.6,3,Integrated,Dry,227371.19731610143,171456.0420267288,374530.1467056734,647.4584032657267,515.0469676000976,1004.0045089195607
IRQ0002,IRQ0001,34.257402,41.212474,1.0,3,Grinding,Wet,426835.0267793938,395601.6887254737,568304.6900861054,0.0,0.0,0.0
IRQ0005,IRQ0023,30.03508,47.944941,0.6,3,Grinding,Wet,106901.66576621177,114075.59952580863,140459.1568271329,0.0,0.0,0.0
IRQ0007,IRQ0022,31.300077,45.299682,0.401,3,Grinding,Wet,315518.49991863425,448380.01234789786,472469.218738646,987.8864095872763,0.0,2963.6592287618287
IRQ0008,IRQ0020,31.962637,44.435264,1.781,3,Integrated,Wet,335844.4373907291,266598.5083810104,491551.43488440244,3770.1865626488757,3946.91257217768,4200.092217913143
IRQ0009,IRQ0019,31.967338,44.44337,1.56,3,Integrated,Wet,148720.53520290324,115383.00491480125,233030.18309501949,367.1099079360041,544.5967339990569,556.7329898089554
IRQ0010,IRQ0017,32.737861,44.271694,0.198,3,Integrated,Wet,78381.59736376826,79649.89480137196,98530.27771329044,920.8909127552245,917.6224152348989,949.4622763306508
ITA0001,ITA0004,37.193679,15.181599,1.9,3,Integrated,Dry,187360.3882975229,146602.28875645137,318998.0276512642,217.6691066799427,222.18439834120517,237.2992660802061
ITA0002,ITA0011,40.556227,9.672135,0.5,3,Integrated,Dry,118110.034901137,119069.31856521915,177945.98369866048,239.68147880910269,226.40565276050503,286.2094493970851
ITA0003,ITA0005,41.314178,16.291376,1.1,3,Integrated,Dry,263620.88838352205,292118.9256721574,328513.5513235022,101.00951283067035,144.93419346331385,158.09434502869718
ITA0004,ITA0006,42.007213,12.7164,1.9,3,Integrated,Dry,302877.433050978,337248.0516650012,340859.3092244148,412.965679481933,423.1020437668361,427.80532645565836
ITA0005,ITA0003,43.855016,11.180725,0.23,3,Grinding,Wet,82950.86870680616,101098.72737332614,112864.50607190643,15.022520569138853,0.0,45.06756170741656
ITA0006,ITA0010,44.302532,7.507571,1.7,3,Grinding,Dry,279394.36009344395,271217.4849814613,343295.0049448006,0.0,0.0,0.0
ITA0007,ITA0013,44.793451,9.810724,1.3,3,Integrated,Dry,118195.94523745158,104728.21848907394,146462.79984605082,128.89830201543393,127.67791933196915,147.49162591503548
ITA0008,ITA0002,45.190403,8.287547,0.78,3,Grinding,Wet,312738.67736493633,312305.50864207,343891.51458445686,13.608022097067847,0.0,40.82406629120354
ITA0009,ITA0031,45.253599,11.751795,0.8,3,Integrated,Wet,122880.54209949353,128362.22759754314,150372.25728344225,322.86240680606915,333.4815906539589,334.486134063456
ITA0010,ITA0029,46.17726,12.740098,1.0,3,Integrated,Dry,165306.24863414653,158231.93762056777,188696.92574895,237.78339492976409,241.2202711470099,252.17729507602922
JOR0001,JOR0007,30.67859,35.631965,2.0,3,Integrated,Dry,606998.7195175309,689259.8540526005,700144.7668319028,599.8775115992582,534.2147957186564,807.8942824367873
JPN0005,JPN0016,33.40298,133.301771,4.35,3,Integrated,Dry,295758.29847454384,261952.83403135504,367570.91786591994,1003.5041414743389,808.7815442855863,1403.0226054805432
JPN0006,JPN0018,34.754394,134.363342,4.2,3,Integrated,Wet,170093.50726474696,138716.73942073714,259736.04257254573,155.2046575298289,181.47543746511408,284.1385351243726
JPN0007,JPN0015,35.501391,136.660357,1.6,3,Integrated,Dry,128067.02744473229,148992.60590355197,160297.53655116414,381.8058543425507,497.3243762408172,648.0931867868348
JPN0008,JPN0017,36.404864,139.617052,0.9,3,Integrated,Dry,111875.36930378496,100928.1580538024,140375.6854995114,386.6197650647099,423.112879249231,472.98487518661244
JPN0009,JPN0005,40.515509,141.521831,1.5,3,Grinding,Wet,83482.24402939326,81629.33201055709,96746.03762225322,41.02750657071253,0.0,123.0825197121376
KAZ0001,KAZ0008,42.292318,69.647017,1.3,3,Integrated,Dry,206492.81117104122,230620.57344438302,309735.3085955133,259.4448840043136,273.3836913092357,354.9705031439868
KAZ0002,KAZ0004,44.089136,52.120629,0.8,3,Integrated,Dry,488531.34774571395,481279.7510078368,771806.2618075536,163.29339554807387,161.4704723998729,178.39111936476627
KAZ0003,KAZ0005,49.64296,83.575126,1.5,3,Integrated,Wet,308265.77411557507,322358.3084848478,336883.06998811953,3167.4409600327044,3371.8035024605892,3623.7156269955562
KOR0012,KOR0039,34.937106,127.763227,1.2,3,Grinding,Wet,256253.74597193414,163444.65767697635,576092.2795113652,0.0,0.0,0.0
KOR0013,KOR0046,35.076138,129.006504,0.8,3,Grinding,Dry,38441.03074661583,18121.798787826967,79905.45996538267,48.715325197183546,0.0,146.14597559155064
KOR0014,KOR0037,37.427431,129.179791,9.72,3,Integrated,Dry,553480.9502649286,245570.25729496256,1239776.0209560092,787.9388110456453,817.7372639465651,887.0077867034151
KOR0015,KOR0038,37.495174,129.13202,1.367,3,Grinding,Wet,88809.05376278017,61051.626082728086,157658.0848216869,0.0,0.0,0.0
KOR0016,KOR0023,37.186617,128.322076,3.5,3,Integrated,Dry,179473.12918257,163228.8479906281,226322.93896972938,1275.6633153380794,1299.9084368257718,1327.2618566638102
KOR0017,KOR0022,37.483696,129.053429,11.5,3,Integrated,Dry,312054.86232412356,260111.3277359958,474229.754813715,1611.7523276644988,1261.395004439097,2715.4343614937507
LBN0002,LBN0001,33.628265,35.422609,1.2,3,Integrated,Dry,195763.37488200344,245654.5468339626,247620.2523786167,478.9232130101006,470.2607473697075,577.7462448955902
LVA0001,LVA0001,56.690803,22.592287,1.6,3,Integrated,Dry,256752.21090341243,272766.9465670684,276630.1570800067,200.60564769622223,276.56940250605913,325.2475405826076
MEX0001,MEX0004,18.798161,-99.179188,2.0,3,Integrated,Dry,145763.39466863923,154948.67981053164,228057.33418089926,413.7809090600321,418.4231577442141,441.53025772765614
MEX0002,MEX0001,19.343802,-96.70478,1.0,3,Integrated,Dry,433346.9726121424,608242.4981100733,658249.0467749557,257.3188647075549,378.88131788988727,393.07527623277747
MEX0003,MEX0002,22.474087,-100.378977,2.0,3,Integrated,Dry,334812.23345415166,331323.56573861913,634341.403272837,298.9414201390082,271.56152622324674,625.2627341937778
MOZ0004,MOZ0011,-25.958721,32.485549,0.7,3,Grinding,Wet,155107.06343090904,78417.92597213958,365843.4409472103,101.66607940721121,0.0,304.99823822163364
Mar2001,MAR0002,27.077753,-13.418374,0.5,3,Grinding,Wet,258084.88370762323,84833.55369480129,636624.3043764062,0.0,0.0,0.0
Mar2002,MAR0006,30.220295,-9.15274,2.2,3,Integrated,Dry,700256.5974747534,865915.5822953896,873699.0847285433,272.0791613967363,279.22198072922606,369.57922899046946
Mar2003,MAR0008,31.58524,-8.502384,1.4,3,Integrated,Dry,176277.21413791567,194371.57368200677,199947.6809398662,245.97915344000538,264.5747871573427,286.0935739623431
Mar2004,MAR0009,32.552532,-9.104544,1.0,3,Integrated,Dry,252154.88500026515,243329.2504155327,427479.4775031029,234.60738585942767,250.81506567535453,278.9680386192754
Mar2005,MAR0020,33.110246,-8.621272,0.45,3,Grinding,Dry,189744.5424715253,168761.68003198062,240085.99901864724,79.07621876889613,0.0,237.22865630668838
NGA0001,NGA0005,7.006077,3.047604,12.0,3,Integrated,Dry,2419105.959986794,2333605.7829879913,3021676.181378926,894.1310280382704,1057.210538138367,1625.1825459764443
NGA0002,NGA0004,7.411613,8.975232,4.0,3,Integrated,Dry,737585.523613703,436911.08245001244,1470409.3873545295,523.1017209122767,516.2603440676656,548.0861537648686
NGA0003,NGA0006,7.927327,6.425156,13.25,3,Integrated,Dry,954507.8355929332,1347602.844502759,1408692.2944289832,753.4441118077342,743.5895073735112,848.2759336214317
NIC0001,NIC0002,11.860059,-86.424014,0.6,3,Integrated,Wet,82003.82589374251,42355.10977174806,164926.40928887666,292.16410800051,184.09945335112315,516.4211741028472
NIC0003,NIC0003,12.276255,-86.500882,0.4,3,Grinding,Wet,75667.64337060641,60893.784620671286,132290.54147138412,0.0,0.0,0.0
NLD0002,NLD0004,50.819524,5.691761,0.9,3,Integrated,Dry,275494.77345664764,270027.16416819446,305227.80318979325,1570.760830335977,1286.21476334264,2470.3780735360574
NLD0003,NLD0002,51.881235,4.245884,0.6,3,Grinding,Wet,214578.90013981095,229061.60012792287,374938.1825856164,0.0,0.0,0.0
NLD0004,NLD0001,52.471076,4.621188,1.4,3,Grinding,Wet,284445.3157516374,56997.646508800564,762758.5870848648,0.0,0.0,0.0
PAK0001,PAK0018,25.159443,66.783955,2.835,3,Integrated,Dry,1002947.6537402936,721452.9000992669,2132661.2196344547,305.0210824797438,285.2092756378606,366.4573763923977
PAK0002,PAK0015,30.327399,70.538435,2.1105,3,Integrated,Dry,733615.5688371386,449332.84583606204,1687667.9191515644,750.5988002298515,691.5511504062922,903.7812362615041
PAK0003,PAK0017,32.725581,72.816963,2.1105,3,Integrated,Dry,857349.0613440928,950917.7753241239,1476369.8437877519,284.57719806201874,288.524073630103,317.95925946228675
PAN0001,PAN0002,9.167751,-79.536857,2.1,3,Integrated,Dry,192946.179085851,217860.98463324874,312659.0267233153,373.9236059075507,268.83263004139474,595.4429301578572
POL0001,POL0007,50.806773,20.529912,1.6,3,Integrated,Dry,234424.89424225426,214743.68165928274,274283.978829178,584.2099520922436,535.2263299319636,713.8154355831584
PRT0005,PRT0009,38.501466,-8.935936,2.0,3,Integrated,Dry,104739.96878432822,113391.26757630025,125387.14891859864,695.3174246131063,704.395954789745,733.3379339031648
PRT0006,PRT0008,39.655677,-8.987387,0.62,3,Integrated,Dry,241491.37427802582,177747.55196348182,386525.9897938196,180.39523184757562,169.14811440105424,243.83214226229722
PRT0007,PRT0007,39.685773,-8.905132,1.5,3,Integrated,Dry,240716.2175068097,257510.91523901984,300693.9415937271,372.92426997872855,325.48369431326535,516.8772759495928
PRY0001,PRY0002,-25.108222,-57.537517,0.75,3,Integrated,Dry,136489.39028177128,65355.3873781259,305248.78875759686,142.6793322354905,138.2676124747585,154.99017674328488
RUS0001,RUS0009,54.873651,61.196847,1.0,3,Grinding,Wet,1215563.3562424749,1184829.769521823,1526850.3094189456,0.0,0.0,0.0
RUS0002,RUS0059,56.868466,62.056043,3.5,3,Integrated,Dry,1486651.3546185459,1534012.8595207795,1689017.427200867,4140.6461341601835,4172.09369696011,4210.910261774612
RUS0003,RUS0016,44.125712,42.00998,3.4,3,Integrated,Wet,557429.4597564968,568347.6446298298,578751.5703999038,4590.49438313853,4465.163832356699,5202.005835339705
RUS0004,RUS0023,50.378073,39.633608,3.075,3,Integrated,Dry,368521.0138505857,318569.31799554685,575308.2842273307,376.0013239217815,377.3042971027338,483.2404324578254
RUS0005,RUS0014,50.610789,36.555284,4.138999999999999,3,Integrated,Wet,276333.5484551586,286510.15318669257,361582.65482756274,3666.4594464476086,4204.818585851302,5285.205264292079
RUS0006,RUS0013,51.257872,37.762677,4.533,3,Integrated,Wet,535288.6941304123,448171.3229190558,755806.4727292708,7049.263784865934,7297.242471127761,9488.070425900369
RUS0007,RUS0019,52.664946,39.632835,2.302,3,Integrated,Dry,368586.9438008415,296577.63013722247,650060.6041603776,389.2376060320297,343.4712431135575,497.4828471638494
RUS0008,RUS0028,53.421121,49.4198,2.01,3,Integrated,Wet,85592.58425766026,76100.43764335301,110562.42314963837,828.5565198493529,1055.9576184961434,1429.7119410519151
RUS0009,RUS0015,53.445099,34.407597,4.699,3,Integrated,Wet,278973.58973042003,292651.5541870823,349560.0095006161,2838.026026769054,2982.214042244609,3230.901729136756
RUS0010,RUS0025,54.003473,48.738773,2.365,3,Grinding,Dry,153454.05732027037,134223.86666131424,232858.5955803499,0.0,0.0,0.0
RUS0011,RUS0021,54.155892,48.360166,2.708,3,Integrated,Wet,695778.6750737048,541975.8321936856,1297003.9374460927,3745.814688923205,3884.468370730985,4466.597660235633
RUS0012,RUS0024,54.213699,38.922525,2.154,3,Integrated,Wet,384439.2050727799,385252.5547799576,593028.1139852398,3608.876177330252,3235.17009141067,4526.534459155633
RUS0013,RUS0051,54.445485,45.870756,10.642999999999999,3,Integrated,Dry,610250.848980013,448441.14794712025,971839.6206428111,5230.713765739192,5571.007479146666,5657.0265684765545
RUS0014,RUS0018,54.783097,58.201148,1.774,3,Integrated,Dry,391320.8893953323,343411.49301680695,650846.5393037045,609.2345766672636,880.305853601586,947.3978764002048
RUS0015,RUS0020,57.46959,60.145025,1.3319999999999999,3,Integrated,Dry,416174.72717398714,473269.2783380516,572289.9574364903,325.4272520043327,324.2552706463626,332.09940191982884
RUS0016,RUS0081,59.061831,28.133623,2.602,3,Integrated,Dry,408431.28330551815,435307.37750807905,618882.9166439788,247.9337278836759,280.94060790037213,288.3606770957601
RUS0017,RUS0022,59.529312,34.14676,2.5980000000000003,3,Integrated,Wet,756640.7916005225,954433.688127426,995850.8513445192,1689.1395316559426,2421.9340035604782,2645.48459140735
RUS0018,RUS0012,62.945251,40.194763,1.419,3,Integrated,Wet,351634.98705883836,398207.1411885111,531441.4722884363,1225.691766023319,1053.5760093669396,1753.8634207963087
RUS0019,RUS0011,53.6638,55.970997,1.8,3,Integrated,Dry,354055.6140627032,367369.201947598,373224.00927062606,185.49752639442463,151.20037085585687,258.6219934491929
RUS0020,RUS0033,54.482932,37.341077,2.0,3,Integrated,Wet,268216.3815851642,172141.41965353192,501186.76631732006,179.22951138267638,214.0298811269008,323.6586530211284
RUS0021,RUS0032,59.112037,28.191385,1.2,3,Grinding,Dry,470070.8644606279,514892.12939987425,575429.6398538267,95.57181295741275,0.0,286.7154388722382
RUS0027,RUS0035,55.061288,38.83226,2.5,3,Integrated,Dry,771239.8485562433,630650.1332491722,1238628.7004966661,1024.3698767158423,416.8455320655653,2281.9143681504206
SEN0001,SEN0002,14.79656,-17.041497,1.5,3,Grinding,Dry,623368.6243468444,508572.90237501747,911131.3038844902,0.0,0.0,0.0
SLV0002,SLV0001,14.327109,-89.500665,1.7,3,Integrated,Dry,182697.94051950792,162746.0240520639,223870.4992780695,228.96998993988612,221.5419863210828,334.33094715126373
SRB0002,SRB0001,45.207937,19.707231,1.0,3,Integrated,Dry,1189799.7319004724,1308820.6431264065,1365327.0790487737,302.1170141586745,329.60897530783745,352.93751408923765
TGO0001,TGO0001,6.153305,1.2881,0.75,3,Grinding,Wet,142468.0344285988,133977.26439443932,167483.25892373087,51.8901229985184,0.0,155.6703689955552
TGO0002,TGO0003,6.583055,1.516339,,3,Integrated,Dry,278323.23710566363,316236.5245721211,453460.67865263665,692.0559659038216,762.1735517768586,1313.9943459346061
TGO0003,TGO0004,9.459846,1.221515,0.25,3,Grinding,Wet,49964.57093893713,45434.03606997889,59695.14354496468,0.0,0.0,0.0
THA0003,THA0001,14.673757,100.803369,5.0,3,Integrated,Dry,353941.6454755162,303851.32513123733,465388.50102893275,985.5524596530256,797.7010613634161,1459.7549106053252
TUN0002,TUN0009,33.873998,9.993386,1.4,3,Integrated,Dry,207545.9921873435,172357.60640682798,294987.685330947,466.995140060949,461.2997138113849,514.3007442299902
TUR0006,TUR0064,38.427047,27.217029,2.3,3,Integrated,Dry,151486.28534603235,159533.7322108564,170770.87217758707,528.2550863003735,514.5723198191572,654.6821038580287
TUR0008,TUR0062,40.575669,43.007643,0.596,3,Integrated,Dry,82252.9596931179,30296.672774220136,188394.6253089968,210.87854973716202,207.8832094233624,264.1310255240678
TUR0009,TUR0065,41.79704,26.702448,2.1,3,Integrated,Dry,114407.23453361144,118947.41652939816,160470.02161103478,181.74533192824188,179.76545956230893,212.7986029937803
TUR0024,TUR0046,37.962052,41.702529,1.2,3,Grinding,Dry,157471.00082281692,197106.61839949538,236195.09162094828,107.74571425470411,0.0,323.2371427641123
TUR0029,TUR0033,37.938962,32.533761,1.5,3,Integrated,Dry,913519.5174380263,566652.90167087,1934282.3537740833,281.4838464693544,258.4768996426615,383.3588352248807
TUR0030,TUR0024,39.944254,33.191786,0.5,3,Integrated,Dry,341045.5488089448,260248.81746585367,595629.0356484957,497.59560606801523,529.0362995178106,654.1218182556287
TZA0001,TZA0003,-10.258078,40.038862,3.0,3,Integrated,Dry,1191366.4180110376,1391869.4396810122,1560120.7265174093,275.0588473219354,201.3537644022269,623.8227775635793
TZA0003,TZA0008,-6.662689,39.166959,2.0,3,Integrated,Dry,297937.029851818,328800.1368684264,354829.00995205337,289.05288767259174,312.536627220832,325.81029008014315
UKR0006,UKR0016,48.730626,37.544124,0.725,3,Integrated,Wet,90462.2716107007,112416.7433637701,125725.26873740659,285.74306059839904,231.11085452232447,416.0673895021391
UKR0007,UKR0005,49.495188,36.74199,4.447,3,Integrated,Dry,1313562.6686335253,1435584.8209301983,1753708.9100407464,6241.946750964144,6271.531706820245,7308.6492229814185
USA0022,USA0002,28.760848,-82.025558,1.2,3,Integrated,Dry,165489.92797840748,151210.025544494,205071.4005030617,110.39687412117831,93.357694303569,168.04958231964167
USA0034,USA0100,39.62013,-119.263039,0.56,3,Integrated,Dry,100539.6654895654,91812.81088400814,121356.4267031617,597.7360678675582,859.7028919554318,891.9569351485118
USA0038,USA0022,44.084275,-69.157138,0.7,3,Grinding,Wet,172921.59996135128,163274.17040005018,307506.3069997252,203.5486808889749,0.0,610.6460426669247
USA0093,USA0114,25.877824,-80.377344,2.1,3,Grinding,Dry,388887.2691939546,175676.75296555698,829044.7927611136,25.772647159517685,0.0,77.31794147855305
UZB0001,UZB0001,40.931159,69.65255,2.18,3,Integrated,Dry,1217897.6072155945,1314263.6655869572,1378999.6029553604,6065.084933175291,4682.985450937657,9843.643559895718
VNM0001,VNM0073,18.939393,105.350969,6.0,3,Integrated,Dry,300837.4197489649,407983.29912961886,438858.68985699886,649.8863400513807,666.0330137499357,697.8447846959458
VNM0002,VNM0077,20.341771,105.91308,3.6,3,Integrated,Dry,351030.8088819092,451740.74180353223,583462.9785783237,421.3220245783412,502.6052944160874,578.3520420843794
VNM0003,VNM0076,20.453618,105.886442,3.0,3,Integrated,Dry,235808.12432928826,89417.9909399292,537927.5663606534,373.0977274115746,256.1652283268737,629.2229382840717
VNM0004,VNM0075a,21.566872,106.492178,1.0,3,Integrated,Dry,183282.4893033252,240965.51461278572,244134.75989033215,173.73586356994733,168.45848612548423,226.19405320695358
YEM0002,YEM0006,15.032711,43.25929,1.07,3,Integrated,Dry,472320.25660618907,423327.43168207223,670003.9551097396,400.05713212771326,234.7590899058688,965.4123064772709
ZAF0001,ZAF0019,-26.156285,28.692849,1.5,3,Grinding,Wet,188292.77410572337,210843.87599869684,215204.83646402723,0.0,0.0,0.0
ZAF0002,ZAF0020,-26.143888,25.851686,1.8,3,Grinding,Dry,671417.5973445298,561132.6206537571,901423.5285582735,101.76822321451378,0.0,305.30466964354133
ZMB0002,ZMB0003,-13.026214,28.778742,1.5,2,,Dry,262471.91414018784,262471.91414018784,524943.8282803757,262.565248671206,262.565248671206,525.130497342412
ZWE0002,ZWE0004,-21.0072,29.212761,0.46,3,Integrated,Dry,87532.50783683646,103367.46326511608,111978.66609531015,81.80031131963602,117.55544134855113,127.84549261035693
ZWE0003,ZWE0003,-20.114474,28.685907,0.3,3,Grinding,Wet,142675.26386905074,142026.73536916898,151785.1037496352,0.0,0.0,0.0
