,uid,long_min,"lat_min,",long_max,lat_max,filename,class
0,CHN0032,118.37164084715879,31.222235395021368,118.38960715284118,31.237673968205883,CHN0032_cement_v4_S2_RGB_20200601_20200731.tif,2
1,CHN0033,111.8242918471588,26.712786745643772,111.8422581528412,26.72892067647862,CHN0033_cement_v4_S2_RGB_20200601_20200731.tif,2
2,CHN0034,118.16029284715879,31.129854785629746,118.17825915284119,31.145308578647327,CHN0034_cement_v4_S2_RGB_20200601_20200731.tif,2
3,CHN0035,107.23203584715878,26.607899246904882,107.25000215284118,26.62404817676766,CHN0035_cement_v4_S2_RGB_20200601_20200731.tif,2
4,CHN0036,118.87831884715881,30.68000501866653,118.89628515284117,30.69553235081853,CHN0036_cement_v4_S2_RGB_20200601_20200731.tif,2
5,CHN0037,106.34913184715879,26.65908790315626,106.36709815284118,26.675229519758762,CHN0037_cement_v4_S2_RGB_20200601_20200731.tif,2
6,CHN0038,116.8515108471588,30.620073156387505,116.86947715284117,30.635610213803346,CHN0038_cement_v4_S2_RGB_20200601_20200731.tif,2
7,CHN0039,117.38400584715882,30.736696625876366,117.40197215284121,30.752214742943615,CHN0039_cement_v4_S2_RGB_20200601_20200731.tif,2
8,CHN0040,117.76805284715878,30.83719181156456,117.78601915284116,30.85269355608265,CHN0040_cement_v4_S2_RGB_20200601_20200731.tif,2
9,CHN0041,118.20075584715882,32.18152359246258,118.21872215284118,32.19680176026402,CHN0041_cement_v4_S2_RGB_20200601_20200731.tif,2
10,CHN0042,113.3980758471588,29.50043988829926,113.41604215284119,29.516155495590844,CHN0042_cement_v4_S2_RGB_20200601_20200731.tif,2
11,CHN0043,114.73862784715881,27.851706909674377,114.7565941528412,27.867674496130448,CHN0043_cement_v4_S2_RGB_20200601_20200731.tif,2
12,CHN0044,109.7962378471588,22.70068746364061,109.8142041528412,22.71735602322725,CHN0044_cement_v4_S2_RGB_20200601_20200731.tif,2
13,CHN0045,119.0412608471588,29.326368278293863,119.05922715284119,29.342111107812823,CHN0045_cement_v4_S2_RGB_20200601_20200731.tif,2
14,CHN0046,117.4339238471588,35.60731226188702,117.45189015284119,35.62198305943345,CHN0046_cement_v4_S2_RGB_20200601_20200731.tif,2
15,CHN0047,110.41197384715879,22.75807600045956,110.4299401528412,22.774737485406114,CHN0047_cement_v4_S2_RGB_20200601_20200731.tif,2
16,CHN0048,117.22851684715877,30.4413707086873,117.24648315284117,30.456936663624845,CHN0048_cement_v4_S2_RGB_20200601_20200731.tif,2
17,CHN0050,111.97699984715881,27.394042109189158,111.99496615284122,27.410077303058756,CHN0050_cement_v4_S2_RGB_20200601_20200731.tif,2
18,CHN0051,107.31765884715881,30.843061290391073,107.3356251528412,30.85856207718788,CHN0051_cement_v4_S2_RGB_20200601_20200731.tif,2
19,CHN0052,118.96417984715879,30.780665204338987,118.9821461528412,30.796176163966905,CHN0052_cement_v4_S2_RGB_20200601_20200731.tif,2
20,CHN0053,113.4060478471588,24.26042356643039,113.42401415284118,24.27689389396598,CHN0053_cement_v4_S2_RGB_20200601_20200731.tif,2
21,CHN0054,111.95292584715881,22.36424589818218,111.9708921528412,22.380955594603407,CHN0054_cement_v4_S2_RGB_20200601_20200731.tif,2
22,CHN0055,106.6717458471588,35.461861830002846,106.6897121528412,35.47655949245393,CHN0055_cement_v4_S2_RGB_20200601_20200731.tif,2
23,CHN0056,111.16334084715879,27.82604100061183,111.1813071528412,27.842012405550214,CHN0056_cement_v4_S2_RGB_20200601_20200731.tif,2
24,CHN0057,111.2706928471588,29.57955209777369,111.28865915284119,29.595255285116647,CHN0057_cement_v4_S2_RGB_20200601_20200731.tif,2
25,CHN0058,110.6490638471588,25.628081510697573,110.66703015284119,25.644367927835088,CHN0058_cement_v4_S2_RGB_20200601_20200731.tif,2
26,CHN0059,107.8919578471588,22.650788395224748,107.9099241528412,22.6674630925162,CHN0059_cement_v4_S2_RGB_20200601_20200731.tif,2
27,CHN0060,107.01757584715881,34.71627571954901,107.03554215284119,34.73110960900975,CHN0060_cement_v4_S2_RGB_20200601_20200731.tif,2
28,CHN0061,118.01561684715881,31.0927197324684,118.0335831528412,31.10817963223254,CHN0061_cement_v4_S2_RGB_20200601_20200731.tif,2
29,CHN0062,117.3708868471588,28.622135960298724,117.3888531528412,28.637987435010853,CHN0062_cement_v4_S2_RGB_20200601_20200731.tif,2
30,CHN0063,112.7542698471588,24.16648142324705,112.77223615284119,24.18296403869796,CHN0063_cement_v4_S2_RGB_20200601_20200731.tif,2
31,CHN0064,119.5494668471588,31.02332903601525,119.56743315284119,31.038800329480726,CHN0064_cement_v4_S2_RGB_20200601_20200731.tif,2
32,CHN0067,117.8623188471588,31.645989556193285,117.8802851528412,31.66135780230511,CHN0067_cement_v4_S2_RGB_20200601_20200731.tif,2
33,CHN0068,116.9521098471588,30.580943986416663,116.9700761528412,30.59648738423657,CHN0068_cement_v4_S2_RGB_20200601_20200731.tif,2
34,CHN0072,115.41196584715878,29.91011020493894,115.42993215284116,29.925761173826185,CHN0072_cement_v4_S2_RGB_20200601_20200731.tif,2
35,CHN0073,103.89939784715881,30.968658555964232,103.91736415284119,30.98413881016072,CHN0073_cement_v4_S2_RGB_20200601_20200731.tif,2
36,CHN0074,115.57106884715878,29.80283470382748,115.58903515284119,29.81850267626715,CHN0074_cement_v4_S2_RGB_20200601_20200731.tif,2
37,CHN0075,114.5345408471588,30.669970203948967,114.55250715284119,30.685499165654065,CHN0075_cement_v4_S2_RGB_20200601_20200731.tif,2
38,CHN0076,115.4332898471588,39.319133694391425,115.4512561528412,39.33308760398905,CHN0076_cement_v4_S2_RGB_20200601_20200731.tif,2
39,CHN0077,116.15824084715882,40.17985201690413,116.17620715284119,40.19363127784164,CHN0077_cement_v4_S2_RGB_20200601_20200731.tif,2
40,CHN0078,112.83750384715879,35.18654253426801,112.85547015284118,35.20129079038806,CHN0078_cement_v4_S2_RGB_20200601_20200731.tif,2
41,CHN0079,116.66247284715878,40.42154381524388,116.68043915284117,40.43527347859638,CHN0079_cement_v4_S2_RGB_20200601_20200731.tif,2
42,CHN0080,114.1720348471588,36.42762889363545,114.19000115284119,36.44214642160879,CHN0080_cement_v4_S2_RGB_20200601_20200731.tif,2
43,CHN0081,116.91403784715882,40.09740458530461,116.93200415284119,40.111200709761604,CHN0081_cement_v4_S2_RGB_20200601_20200731.tif,2
44,CHN0082,116.02310184715878,39.59103211157288,116.04106815284118,39.60493118559031,CHN0082_cement_v4_S2_RGB_20200601_20200731.tif,2
45,CHN0083,116.96837484715878,40.0709278806301,116.98634115284118,40.08472941454027,CHN0083_cement_v4_S2_RGB_20200601_20200731.tif,2
46,CHN0085,115.06784284715881,40.57977211554478,115.08580915284121,40.59346917773004,CHN0085_cement_v4_S2_RGB_20200601_20200731.tif,2
47,CHN0086,116.01240284715882,39.76396563029247,116.03036915284122,39.77782966612967,CHN0086_cement_v4_S2_RGB_20200601_20200731.tif,2
48,CHN0087,124.38737784715882,43.168559057946176,124.40534415284118,43.18170822916442,CHN0087_cement_v4_S2_RGB_20200601_20200731.tif,2
49,CHN0088,113.7092058471588,36.591594388809504,113.72717215284119,36.60608092528816,CHN0088_cement_v4_S2_RGB_20200601_20200731.tif,2
50,CHN0089,114.44288484715881,37.59162416606088,114.4608511528412,37.60591914153706,CHN0089_cement_v4_S2_RGB_20200601_20200731.tif,2
51,CHN0090,114.6217508471588,38.80707048351562,114.6397171528412,38.82112681733014,CHN0090_cement_v4_S2_RGB_20200601_20200731.tif,2
52,CHN0091,114.30286784715881,38.15693726749329,114.3208341528412,38.17112203680693,CHN0091_cement_v4_S2_RGB_20200601_20200731.tif,2
53,CHN0092,117.1193788471588,39.2703897956987,117.13734515284118,39.28435350290672,CHN0092_cement_v4_S2_RGB_20200601_20200731.tif,2
54,CHN0093,115.25776884715879,40.13507643611282,115.27573515284118,40.148864858806235,CHN0093_cement_v4_S2_RGB_20200601_20200731.tif,2
55,CHN0099,113.3344638471588,28.111155297796984,113.3524301528412,28.127084104424036,CHN0099_cement_v4_S2_RGB_20200601_20200731.tif,2
56,CHN0100,119.81370184715881,31.034775974942136,119.8316681528412,31.050245390422404,CHN0100_cement_v4_S2_RGB_20200601_20200731.tif,2
57,CHN0102,117.9926458471588,31.52210723350056,118.01061215284119,31.537496126365582,CHN0102_cement_v4_S2_RGB_20200601_20200731.tif,2
58,CHN0103,120.03168584715878,41.44277892766831,120.04965215284119,41.45629636290453,CHN0103_cement_v4_S2_RGB_20200601_20200731.tif,2
59,CHN0106,104.32282484715878,30.6434260500007,104.34079115284118,30.658959319914814,CHN0106_cement_v4_S2_RGB_20200601_20200731.tif,2
60,CHN0113,112.4126238471588,31.733949907410064,112.43059015284118,31.749303450124643,CHN0113_cement_v4_S2_RGB_20200601_20200731.tif,2
61,CHN0114,112.17942884715879,31.137898447388977,112.19739515284118,31.153350916796413,CHN0114_cement_v4_S2_RGB_20200601_20200731.tif,2
62,CHN0117,113.7934798471588,29.858280094203568,113.8114461528412,29.873939285202784,CHN0117_cement_v4_S2_RGB_20200601_20200731.tif,2
63,CHN0121,114.0598378471588,36.080444279032996,114.0778041528412,36.095027038713795,CHN0121_cement_v4_S2_RGB_20200601_20200731.tif,2
64,CHN0122,117.07104684715878,35.60679621414844,117.08901315284116,35.62146710717602,CHN0122_cement_v4_S2_RGB_20200601_20200731.tif,2
65,CHN0124,119.2881128471588,29.26661262297592,119.30607915284119,29.282364763897043,CHN0124_cement_v4_S2_RGB_20200601_20200731.tif,2
66,CHN0126,117.8844008471588,34.96109994729276,117.90236715284117,34.97588937921128,CHN0126_cement_v4_S2_RGB_20200601_20200731.tif,2
67,CHN0127,116.2308968471588,37.467266137351466,116.2488631528412,37.481585171008476,CHN0127_cement_v4_S2_RGB_20200601_20200731.tif,2
68,CHN0128,118.91037384715881,35.93209142386616,118.9283401528412,35.94670189498094,CHN0128_cement_v4_S2_RGB_20200601_20200731.tif,2
69,CHN0129,118.27017884715879,32.205460621054605,118.28814515284118,32.220734731419384,CHN0129_cement_v4_S2_RGB_20200601_20200731.tif,2
70,CHN0130,104.3550468471588,31.600808787275152,104.3730131528412,31.616184571720677,CHN0130_cement_v4_S2_RGB_20200601_20200731.tif,2
71,CHN0132,111.60529484715879,29.13168114255498,111.62326115284118,29.147454246058246,CHN0132_cement_v4_S2_RGB_20200601_20200731.tif,2
72,CHN0133,113.2977748471588,28.1810585495297,113.3157411528412,28.196976851734302,CHN0133_cement_v4_S2_RGB_20200601_20200731.tif,2
73,CHN0134,117.5193838471588,34.919348147100635,117.5373501528412,34.93414517975029,CHN0134_cement_v4_S2_RGB_20200601_20200731.tif,2
74,CHN0135,120.35746184715879,30.64111786277957,120.37542815284118,30.656651507163147,CHN0135_cement_v4_S2_RGB_20200601_20200731.tif,2
75,CHN0136,117.61824884715881,35.39792194026662,117.63621515284117,35.412631382695245,CHN0136_cement_v4_S2_RGB_20200601_20200731.tif,2
76,CHN0137,119.5855258471588,31.056133727620942,119.60349215284121,31.071599637498664,CHN0137_cement_v4_S2_RGB_20200601_20200731.tif,2
77,CHN0138,103.77249084715879,30.994167645467307,103.7904571528412,31.009643720363886,CHN0138_cement_v4_S2_RGB_20200601_20200731.tif,2
78,CHN0139,117.14469084715878,35.85219098187897,117.16265715284119,35.86681633756842,CHN0139_cement_v4_S2_RGB_20200601_20200731.tif,2
79,CHN0140,113.14414884715879,34.03917594885486,113.16211515284118,34.05413138564493,CHN0140_cement_v4_S2_RGB_20200601_20200731.tif,2
80,CHN0141,120.0614388471588,30.91059280539339,120.0794051528412,30.926082561402254,CHN0141_cement_v4_S2_RGB_20200601_20200731.tif,2
81,CHN0142,119.2349568471588,29.424564946994643,119.25292315284116,29.440292437858755,CHN0142_cement_v4_S2_RGB_20200601_20200731.tif,2
82,CHN0143,118.44762284715878,28.960425903821562,118.46558915284118,28.97622548702036,CHN0143_cement_v4_S2_RGB_20200601_20200731.tif,2
83,CHN0146,110.82059784715881,24.921958454863983,110.8385641528412,24.938340994796263,CHN0146_cement_v4_S2_RGB_20200601_20200731.tif,2
84,CHN0147,119.56197884715881,31.083619984802215,119.57994515284118,31.099081380002755,CHN0147_cement_v4_S2_RGB_20200601_20200731.tif,2
85,CHN0148,112.8027058471588,26.332779706713676,112.8206721528412,26.348967721062422,CHN0148_cement_v4_S2_RGB_20200601_20200731.tif,2
86,CHN0149,117.0183668471588,35.20518824205084,117.03633315284118,35.21993308245432,CHN0149_cement_v4_S2_RGB_20200601_20200731.tif,2
87,CHN0150,115.45689084715879,25.80787294508561,115.47485715284118,25.82413449066937,CHN0150_cement_v4_S2_RGB_20200601_20200731.tif,2
88,CHN0151,104.43864084715881,31.780093771072526,104.45660715284122,31.795439585959084,CHN0151_cement_v4_S2_RGB_20200601_20200731.tif,2
89,CHN0152,112.99781384715881,25.565885227920393,113.0157801528412,25.582180211578507,CHN0152_cement_v4_S2_RGB_20200601_20200731.tif,2
90,CHN0153,114.0656518471588,27.6461006615198,114.0836181528412,27.662098747160524,CHN0153_cement_v4_S2_RGB_20200601_20200731.tif,2
91,CHN0154,118.30504984715878,28.692024297414175,118.32301615284119,28.707865096965357,CHN0154_cement_v4_S2_RGB_20200601_20200731.tif,2
92,CHN0155,119.57251484715879,31.349716928589498,119.59048115284116,31.365134433200215,CHN0155_cement_v4_S2_RGB_20200601_20200731.tif,2
93,CHN0156,117.45100884715879,34.46743626546736,117.46897515284118,34.48231506523074,CHN0156_cement_v4_S2_RGB_20200601_20200731.tif,2
94,CHN0157,113.22980084715878,25.951107908712235,113.24776715284118,25.96734952484614,CHN0157_cement_v4_S2_RGB_20200601_20200731.tif,2
95,CHN0158,114.51046084715878,37.29694471715091,114.52842715284118,37.31129659227405,CHN0158_cement_v4_S2_RGB_20200601_20200731.tif,2
96,CHN0160,113.09709084715881,41.70561258295522,113.11505715284119,41.719074706923145,CHN0160_cement_v4_S2_RGB_20200601_20200731.tif,2
97,CHN0163,113.05614084715879,34.36542610092918,113.07410715284118,34.38032323066075,CHN0163_cement_v4_S2_RGB_20200601_20200731.tif,2
98,CHN0164,111.47860684715879,33.09262874108148,111.49657315284118,33.107750602355125,CHN0164_cement_v4_S2_RGB_20200601_20200731.tif,2
99,CHN0166,112.5945188471588,33.11230144958444,112.6124851528412,33.127419893658974,CHN0166_cement_v4_S2_RGB_20200601_20200731.tif,2
100,CHN0167,119.6382598471588,31.31715123411809,119.6562261528412,31.332574128037628,CHN0167_cement_v4_S2_RGB_20200601_20200731.tif,2
101,CHN0169,112.0736618471588,26.74230586094681,112.09162815284118,26.758435560740732,CHN0169_cement_v4_S2_RGB_20200601_20200731.tif,2
102,CHN0171,120.3218228471588,30.1279245501292,120.3397891528412,30.14354082596375,CHN0171_cement_v4_S2_RGB_20200601_20200731.tif,2
103,CHN0172,119.74220084715881,31.088219362678377,119.76016715284118,31.103680002073997,CHN0172_cement_v4_S2_RGB_20200601_20200731.tif,2
104,CHN0173,119.93715284715881,30.92792322242619,119.9551191528412,30.943410144169004,CHN0173_cement_v4_S2_RGB_20200601_20200731.tif,2
105,CHN0174,114.92018284715878,28.206826488431645,114.93814915284118,28.22274091248051,CHN0174_cement_v4_S2_RGB_20200601_20200731.tif,2
106,CHN0175,116.3639108471588,35.99060388272613,116.3818771528412,36.0052034356848,CHN0175_cement_v4_S2_RGB_20200601_20200731.tif,2
107,CHN0176,119.6773858471588,29.819488021729615,119.6953521528412,29.835153358158035,CHN0176_cement_v4_S2_RGB_20200601_20200731.tif,2
108,CHN0177,118.39729684715878,36.752648666282916,118.41526315284118,36.76710464671069,CHN0177_cement_v4_S2_RGB_20200601_20200731.tif,2
109,CHN0178,125.27937584715879,42.78373448264818,125.2973421528412,42.79696680500999,CHN0178_cement_v4_S2_RGB_20200601_20200731.tif,2
110,CHN0179,119.7285048471588,31.09211168250288,119.7464711528412,31.107571682205023,CHN0179_cement_v4_S2_RGB_20200601_20200731.tif,2
111,CHN0181,119.5932318471588,31.033790894129467,119.6111981528412,31.049260471246377,CHN0181_cement_v4_S2_RGB_20200601_20200731.tif,2
112,CHN0182,119.67723684715881,31.083269956046557,119.69520315284117,31.098731408762426,CHN0182_cement_v4_S2_RGB_20200601_20200731.tif,2
113,CHN0184,118.82201984715881,35.65168236869332,118.83998615284118,35.666344952284,CHN0184_cement_v4_S2_RGB_20200601_20200731.tif,2
114,CHN0185,117.3265098471588,29.113858761522785,117.34447615284117,29.129634627321344,CHN0185_cement_v4_S2_RGB_20200601_20200731.tif,2
115,CHN0188,119.3210638471588,31.35377226430038,119.33903015284119,31.36918909744378,CHN0188_cement_v4_S2_RGB_20200601_20200731.tif,2
116,CHN0190,117.0054838471588,24.817830473812553,117.0234501528412,24.83422697751777,CHN0190_cement_v4_S2_RGB_20200601_20200731.tif,2
117,CHN0191,109.5558518471588,22.926645437858735,109.5738181528412,22.943286045075496,CHN0191_cement_v4_S2_RGB_20200601_20200731.tif,2
118,CHN0196,111.38077284715881,24.701498706732288,111.3987391528412,24.71791074647263,CHN0196_cement_v4_S2_RGB_20200601_20200731.tif,2
119,CHN0197,111.56613584715879,23.234841707707613,111.5841021528412,23.251443769914655,CHN0197_cement_v4_S2_RGB_20200601_20200731.tif,2
120,CHN0201,108.99043484715881,19.227149182300753,109.0084011528412,19.244214369013065,CHN0201_cement_v4_S2_RGB_20200601_20200731.tif,2
121,CHN0202,113.13768084715879,23.33014071512784,113.15564715284118,23.346730760864435,CHN0202_cement_v4_S2_RGB_20200601_20200731.tif,2
122,CHN0203,106.76983184715878,23.729448137047754,106.78779815284118,23.745987332179773,CHN0203_cement_v4_S2_RGB_20200601_20200731.tif,2
123,CHN0204,108.0729238471588,23.029074815396406,108.09089015284118,23.045702665765532,CHN0204_cement_v4_S2_RGB_20200601_20200731.tif,2
124,CHN0205,108.12054684715879,22.989079321986384,108.13851315284118,23.005712159866775,CHN0205_cement_v4_S2_RGB_20200601_20200731.tif,2
125,CHN0207,117.1503298471588,25.138340048558547,117.1682961528412,25.15469339765504,CHN0207_cement_v4_S2_RGB_20200601_20200731.tif,2
126,CHN0209,110.4870648471588,23.481628311999465,110.5050311528412,23.49819916141402,CHN0209_cement_v4_S2_RGB_20200601_20200731.tif,2
127,CHN0211,107.91999884715881,22.162817724191246,107.93796515284122,22.17955177217176,CHN0211_cement_v4_S2_RGB_20200601_20200731.tif,2
128,CHN0212,109.6962858471588,23.507510957511002,109.71425215284118,23.52407851546342,CHN0212_cement_v4_S2_RGB_20200601_20200731.tif,2
129,CHN0213,109.5643788471588,21.72833681919377,109.5823451528412,21.745122684972724,CHN0213_cement_v4_S2_RGB_20200601_20200731.tif,2
130,CHN0214,106.5652318471588,30.05191148415747,106.58319815284119,30.06753989286386,CHN0214_cement_v4_S2_RGB_20200601_20200731.tif,2
131,CHN0215,106.5030288471588,29.82130916589057,106.52099515284118,29.836974213974457,CHN0215_cement_v4_S2_RGB_20200601_20200731.tif,2
132,CHN0216,106.31467984715879,29.9424967768248,106.33264615284118,29.958142601540676,CHN0216_cement_v4_S2_RGB_20200601_20200731.tif,2
133,CHN0219,106.87465784715879,28.922283964905535,106.89262415284118,28.938089426435802,CHN0219_cement_v4_S2_RGB_20200601_20200731.tif,2
134,CHN0220,108.4277868471588,30.73627859187583,108.44575315284118,30.751796776949064,CHN0220_cement_v4_S2_RGB_20200601_20200731.tif,2
135,CHN0221,108.7636948471588,29.429160306436916,108.7816611528412,29.44488707835804,CHN0221_cement_v4_S2_RGB_20200601_20200731.tif,2
136,CHN0222,106.96410484715881,29.819166996318206,106.9820711528412,29.834832383573442,CHN0222_cement_v4_S2_RGB_20200601_20200731.tif,2
137,CHN0223,106.3818268471588,29.31216617108977,106.3997931528412,29.327911215198803,CHN0223_cement_v4_S2_RGB_20200601_20200731.tif,2
138,CHN0224,109.05504884715879,28.373530070919873,109.07301515284118,28.3894193277279,CHN0224_cement_v4_S2_RGB_20200601_20200731.tif,2
139,CHN0225,106.3971138471588,29.359807887174895,106.41508015284121,29.375545498504184,CHN0225_cement_v4_S2_RGB_20200601_20200731.tif,2
140,CHN0226,107.1456418471588,29.156984104558788,107.16360815284118,29.172753283727054,CHN0226_cement_v4_S2_RGB_20200601_20200731.tif,2
141,CHN0228,117.3001218471588,32.74827097903267,117.3180881528412,32.7634523678363,CHN0228_cement_v4_S2_RGB_20200601_20200731.tif,2
142,CHN0229,120.5851078471588,37.66530930914668,120.6030741528412,37.67958999800595,CHN0229_cement_v4_S2_RGB_20200601_20200731.tif,2
143,CHN0231,121.7112388471588,39.25303105237961,121.72920515284119,39.266998246306414,CHN0231_cement_v4_S2_RGB_20200601_20200731.tif,2
144,CHN0233,122.0599448471588,39.63507156696016,122.07791115284117,39.64896173001186,CHN0233_cement_v4_S2_RGB_20200601_20200731.tif,2
145,CHN0238,107.3327578471588,30.75717929232741,107.3507241528412,30.77269407625288,CHN0238_cement_v4_S2_RGB_20200601_20200731.tif,2
146,CHN0239,112.8904838471588,34.31669473122954,112.90845015284118,34.33160060078946,CHN0239_cement_v4_S2_RGB_20200601_20200731.tif,2
147,CHN0243,120.74017184715882,30.992375498618745,120.75813815284118,31.00785186723306,CHN0243_cement_v4_S2_RGB_20200601_20200731.tif,2
148,CHN0250,117.1479248471588,26.01871662936004,117.1658911528412,26.034948803166525,CHN0250_cement_v4_S2_RGB_20200601_20200731.tif,2
149,CHN0251,117.3215178471588,26.033783682932576,117.33948415284117,26.050013749364467,CHN0251_cement_v4_S2_RGB_20200601_20200731.tif,2
150,CHN0252,117.7671738471588,26.773933129698854,117.78514015284117,26.790058291523472,CHN0252_cement_v4_S2_RGB_20200601_20200731.tif,2
151,CHN0253,117.46464984715881,26.770430878346925,117.4826161528412,26.7865565429269,CHN0253_cement_v4_S2_RGB_20200601_20200731.tif,2
152,CHN0254,117.06904984715881,25.043155614482874,117.0870161528412,25.05952183324288,CHN0254_cement_v4_S2_RGB_20200601_20200731.tif,2
153,CHN0255,117.1504598471588,25.233318491285612,117.16842615284119,25.24965895342535,CHN0255_cement_v4_S2_RGB_20200601_20200731.tif,2
154,CHN0258,123.84705784715881,41.84436223872213,123.86502415284117,41.85779505081384,CHN0258_cement_v4_S2_RGB_20200601_20200731.tif,2
155,CHN0270,114.3104128471588,23.65702449619759,114.3283791528412,23.67357297424903,CHN0270_cement_v4_S2_RGB_20200601_20200731.tif,2
156,CHN0271,116.18874884715882,24.85614003904104,116.20671515284121,24.87253141167395,CHN0271_cement_v4_S2_RGB_20200601_20200731.tif,2
157,CHN0272,116.1400838471588,24.59108236602093,116.1580501528412,24.607509088971838,CHN0272_cement_v4_S2_RGB_20200601_20200731.tif,2
158,CHN0273,116.18179084715881,24.74741576840468,116.1997571528412,24.763821684059216,CHN0273_cement_v4_S2_RGB_20200601_20200731.tif,2
159,CHN0274,116.12326984715881,24.367904622236892,116.1412361528412,24.38436083639489,CHN0274_cement_v4_S2_RGB_20200601_20200731.tif,2
160,CHN0278,107.1104788471588,23.533398605039615,107.12844515284118,23.549962867496088,CHN0278_cement_v4_S2_RGB_20200601_20200731.tif,2
161,CHN0279,108.01532184715879,24.693590179939118,108.03328815284118,24.71000327339355,CHN0279_cement_v4_S2_RGB_20200601_20200731.tif,2
162,CHN0282,109.23986584715881,24.36218724617597,109.2578321528412,24.378644212549464,CHN0282_cement_v4_S2_RGB_20200601_20200731.tif,2
163,CHN0283,112.03305984715881,22.971766243912878,112.0510261528412,22.98840123823979,CHN0283_cement_v4_S2_RGB_20200601_20200731.tif,2
164,CHN0293,107.3618928471588,27.6918810477585,107.37985915284118,27.70787236027886,CHN0293_cement_v4_S2_RGB_20200601_20200731.tif,2
165,CHN0294,106.3549668471588,26.621851242813456,106.3729331528412,26.637998180652435,CHN0294_cement_v4_S2_RGB_20200601_20200731.tif,2
166,CHN0295,108.93047084715879,27.988993148434442,108.94843715284118,28.00494025546782,CHN0295_cement_v4_S2_RGB_20200601_20200731.tif,2
167,CHN0307,114.6771328471588,37.37996571310611,114.6950991528412,37.39430159579663,CHN0307_cement_v4_S2_RGB_20200601_20200731.tif,2
168,CHN0308,114.3063568471588,38.13022464832199,114.32432315284119,38.1444146561279,CHN0308_cement_v4_S2_RGB_20200601_20200731.tif,2
169,CHN0309,114.23508084715878,38.1912006292552,114.25304715284118,38.205378674853904,CHN0309_cement_v4_S2_RGB_20200601_20200731.tif,2
170,CHN0316,129.58792584715883,46.71163335586112,129.60589215284122,46.723989932261524,CHN0316_cement_v4_S2_RGB_20200601_20200731.tif,2
171,CHN0321,114.06765984715881,36.096747804640756,114.0856261528412,36.11132751298628,CHN0321_cement_v4_S2_RGB_20200601_20200731.tif,2
172,CHN0322,113.85459984715881,35.398781019339125,113.8725661528412,35.413490303615944,CHN0322_cement_v4_S2_RGB_20200601_20200731.tif,2
173,CHN0324,112.2284058471588,34.52135211872941,112.24637215284118,34.536221211500795,CHN0324_cement_v4_S2_RGB_20200601_20200731.tif,2
174,CHN0325,114.15476284715879,35.862300922744915,114.17272915284119,35.876924396626215,CHN0325_cement_v4_S2_RGB_20200601_20200731.tif,2
175,CHN0326,113.9236198471588,35.42923682365604,113.9415861528412,35.44394049905802,CHN0326_cement_v4_S2_RGB_20200601_20200731.tif,2
176,CHN0327,114.02750384715878,32.77362916136606,114.04547015284118,32.78880618524687,CHN0327_cement_v4_S2_RGB_20200601_20200731.tif,2
177,CHN0332,113.30067384715879,35.30316822892448,113.31864015284118,35.31789509479224,CHN0332_cement_v4_S2_RGB_20200601_20200731.tif,2
178,CHN0334,122.66969984715881,46.74542424996938,122.6876661528412,46.75777303821536,CHN0334_cement_v4_S2_RGB_20200601_20200731.tif,2
179,CHN0336,119.69275584715882,29.835730307741173,119.71072215284121,29.851393071944848,CHN0336_cement_v4_S2_RGB_20200601_20200731.tif,2
180,CHN0337,119.1434508471588,29.41579126087038,119.1614171528412,29.431520124094742,CHN0337_cement_v4_S2_RGB_20200601_20200731.tif,2
181,CHN0338,116.8104408471588,33.99468299188675,116.8284071528412,34.009646343016705,CHN0338_cement_v4_S2_RGB_20200601_20200731.tif,2
182,CHN0339,116.79840884715881,34.0239175913509,116.8163751528412,34.038875743287136,CHN0339_cement_v4_S2_RGB_20200601_20200731.tif,2
183,CHN0340,110.0867948471588,27.588553412178925,110.10476115284119,27.604559997311785,CHN0340_cement_v4_S2_RGB_20200601_20200731.tif,2
184,CHN0341,116.81965084715881,32.60446163082636,116.8376171528412,32.619667717504434,CHN0341_cement_v4_S2_RGB_20200601_20200731.tif,2
185,CHN0342,114.91723384715881,30.041538657454367,114.93520015284118,30.057168719693976,CHN0342_cement_v4_S2_RGB_20200601_20200731.tif,2
186,CHN0346,91.91814484715879,29.255686772714466,91.93611115284118,29.2714406142989,CHN0346_cement_v4_S2_RGB_20200601_20200731.tif,2
187,CHN0347,110.55265584715879,32.02958674731419,110.57062215284118,32.04489060702666,CHN0347_cement_v4_S2_RGB_20200601_20200731.tif,2
188,CHN0349,114.01532684715879,31.909931669155455,114.03329315284118,31.92525568646964,CHN0349_cement_v4_S2_RGB_20200601_20200731.tif,2
189,CHN0350,115.4343898471588,29.88612530185873,115.45235615284119,29.901780077202876,CHN0350_cement_v4_S2_RGB_20200601_20200731.tif,2
190,CHN0352,115.04967184715879,30.185129124213123,115.06763815284118,30.200736251184143,CHN0352_cement_v4_S2_RGB_20200601_20200731.tif,2
191,CHN0353,107.42214284715881,29.5836154171058,107.44010915284119,29.59931796573332,CHN0353_cement_v4_S2_RGB_20200601_20200731.tif,2
192,CHN0354,115.26359584715878,30.107105887397807,115.28156215284118,30.12272548894897,CHN0354_cement_v4_S2_RGB_20200601_20200731.tif,2
193,CHN0355,113.97687084715879,29.734526304997388,113.99483715284119,29.750205075948458,CHN0355_cement_v4_S2_RGB_20200601_20200731.tif,2
194,CHN0357,113.5067198471588,31.35423130230313,113.52468615284118,31.36964805943588,CHN0357_cement_v4_S2_RGB_20200601_20200731.tif,2
195,CHN0360,104.1300378471588,35.7491534057713,104.14800415284121,35.76379791445807,CHN0360_cement_v4_S2_RGB_20200601_20200731.tif,2
196,CHN0361,112.9726208471588,30.862693892590652,112.99058715284119,30.878191474760236,CHN0361_cement_v4_S2_RGB_20200601_20200731.tif,2
197,CHN0365,110.23379084715879,27.86779710730184,110.2517571528412,27.8837622982793,CHN0365_cement_v4_S2_RGB_20200601_20200731.tif,2
198,CHN0367,111.29938284715881,29.619206215838208,111.3173491528412,29.63490316655284,CHN0367_cement_v4_S2_RGB_20200601_20200731.tif,2
199,CHN0370,112.2700218471588,28.26397479429123,112.28798815284118,28.27988060584233,CHN0370_cement_v4_S2_RGB_20200601_20200731.tif,2
200,CHN0371,111.54776784715881,26.41346241778064,111.5657341528412,26.429639008786417,CHN0371_cement_v4_S2_RGB_20200601_20200731.tif,2
201,CHN0374,118.8817738471588,42.1949754465424,118.8997401528412,42.20833384220288,CHN0374_cement_v4_S2_RGB_20200601_20200731.tif,2
202,CHN0375,107.02069284715878,39.39721955234526,107.03865915284119,39.411157745679084,CHN0375_cement_v4_S2_RGB_20200601_20200731.tif,2
203,CHN0377,111.6941648471588,39.894748920643,111.7121311528412,39.90858637523587,CHN0377_cement_v4_S2_RGB_20200601_20200731.tif,2
204,CHN0378,119.85607484715881,49.248911542211665,119.8740411528412,49.26067175328515,CHN0378_cement_v4_S2_RGB_20200601_20200731.tif,2
205,CHN0379,106.84028784715879,39.385383360417094,106.85825415284118,39.39932393766088,CHN0379_cement_v4_S2_RGB_20200601_20200731.tif,2
206,CHN0380,107.03119784715881,39.40505734178863,107.0491641528412,39.41899395620027,CHN0380_cement_v4_S2_RGB_20200601_20200731.tif,2
207,CHN0382,119.8559268471588,49.24916157216397,119.87389315284118,49.260921723333865,CHN0382_cement_v4_S2_RGB_20200601_20200731.tif,2
208,CHN0384,117.46951884715881,26.671615798969935,117.4874851528412,26.687755623759973,CHN0384_cement_v4_S2_RGB_20200601_20200731.tif,2
209,CHN0385,118.9662718471588,32.15274715550669,118.98423815284119,32.16803019752421,CHN0385_cement_v4_S2_RGB_20200601_20200731.tif,2
210,CHN0386,118.47254184715881,28.94028435143624,118.4905081528412,28.956087039669267,CHN0386_cement_v4_S2_RGB_20200601_20200731.tif,2
211,CHN0387,118.5896978471588,28.719967434630334,118.60766415284118,28.73580395937834,CHN0387_cement_v4_S2_RGB_20200601_20200731.tif,2
212,CHN0390,119.28739384715881,31.377835257088822,119.3053601528412,31.3932481043855,CHN0390_cement_v4_S2_RGB_20200601_20200731.tif,2
213,CHN0391,120.37018884715877,32.77547732047722,120.38815515284118,32.79065402611707,CHN0391_cement_v4_S2_RGB_20200601_20200731.tif,2
214,CHN0392,119.1338438471588,31.47168904260624,119.1518101528412,31.487086317820037,CHN0392_cement_v4_S2_RGB_20200601_20200731.tif,2
215,CHN0397,114.85144184715881,26.80846460959401,114.8694081528412,26.82458481112123,CHN0397_cement_v4_S2_RGB_20200601_20200731.tif,2
216,CHN0400,115.3042598471588,25.947791677454553,115.32222615284117,25.96403375615448,CHN0400_cement_v4_S2_RGB_20200601_20200731.tif,2
217,CHN0401,117.07304184715882,28.694641497509313,117.09100815284118,28.710481896835446,CHN0401_cement_v4_S2_RGB_20200601_20200731.tif,2
218,CHN0403,115.87150284715881,25.835223843717305,115.8894691528412,25.851481591617087,CHN0403_cement_v4_S2_RGB_20200601_20200731.tif,2
219,CHN0406,113.24051384715881,35.244955887013674,113.2584801528412,35.259693437170476,CHN0406_cement_v4_S2_RGB_20200601_20200731.tif,2
220,CHN0407,113.32659384715879,35.3075726334068,113.34456015284118,35.322298690274685,CHN0407_cement_v4_S2_RGB_20200601_20200731.tif,2
221,CHN0408,106.0016728471588,29.21805084604004,106.01963915284118,29.233810541457643,CHN0408_cement_v4_S2_RGB_20200601_20200731.tif,2
222,CHN0409,118.0459808471588,39.86840124028444,118.06394715284117,39.882244055702685,CHN0409_cement_v4_S2_RGB_20200601_20200731.tif,2
223,CHN0410,107.49315284715878,34.531265011757164,107.51111915284118,34.54613231838729,CHN0410_cement_v4_S2_RGB_20200601_20200731.tif,2
224,CHN0411,114.53866884715879,37.39910855892238,114.55663515284118,37.413440749860776,CHN0411_cement_v4_S2_RGB_20200601_20200731.tif,2
225,CHN0412,113.10626384715879,39.97627122311765,113.12423015284118,39.99009207243004,CHN0412_cement_v4_S2_RGB_20200601_20200731.tif,2
226,CHN0413,122.9919198471588,41.17875528890451,123.00988615284116,41.19232800242638,CHN0413_cement_v4_S2_RGB_20200601_20200731.tif,2
227,CHN0414,123.3276158471588,41.302867263575514,123.34558215284117,41.3164140273915,CHN0414_cement_v4_S2_RGB_20200601_20200731.tif,2
228,CHN0415,108.61922784715878,34.60303448389898,108.63719415284119,34.61788884562697,CHN0415_cement_v4_S2_RGB_20200601_20200731.tif,2
229,CHN0416,107.98328784715882,34.544034162424644,108.00125415284121,34.55889916760945,CHN0416_cement_v4_S2_RGB_20200601_20200731.tif,2
230,CHN0418,129.0822628471588,42.686470021118424,129.1002291528412,42.69972326669854,CHN0418_cement_v4_S2_RGB_20200601_20200731.tif,2
231,CHN0424,126.03226984715879,43.16057219208403,126.0502361528412,43.17372309503664,CHN0424_cement_v4_S2_RGB_20200601_20200731.tif,2
232,CHN0425,126.70488084715879,45.825736023111354,126.72284715284118,45.83829526373584,CHN0425_cement_v4_S2_RGB_20200601_20200731.tif,2
233,CHN0426,125.90395684715881,43.31561502293724,125.9219231528412,43.328732263998155,CHN0426_cement_v4_S2_RGB_20200601_20200731.tif,2
234,CHN0427,126.23935084715882,41.7979443313764,126.25731715284118,41.81138695827224,CHN0427_cement_v4_S2_RGB_20200601_20200731.tif,2
235,CHN0428,125.3235338471588,43.33962863400954,125.34150015284119,43.35274065289904,CHN0428_cement_v4_S2_RGB_20200601_20200731.tif,2
236,CHN0433,112.7458318471588,38.07139388536825,112.76379815284119,38.08559541941343,CHN0433_cement_v4_S2_RGB_20200601_20200731.tif,2
237,CHN0434,112.5666518471588,39.401416975104965,112.5846181528412,39.4153543229004,CHN0434_cement_v4_S2_RGB_20200601_20200731.tif,2
238,CHN0435,119.55585184715878,29.139938782687185,119.57381815284117,29.15571060581912,CHN0435_cement_v4_S2_RGB_20200601_20200731.tif,2
239,CHN0437,115.8539718471588,29.60106378880444,115.87193815284117,29.61676359381489,CHN0437_cement_v4_S2_RGB_20200601_20200731.tif,2
240,CHN0440,112.53802784715879,35.07772958347207,112.55599415284118,35.09249774207065,CHN0440_cement_v4_S2_RGB_20200601_20200731.tif,2
241,CHN0441,119.54223784715882,29.181323993337323,119.56020415284121,29.19708939463401,CHN0441_cement_v4_S2_RGB_20200601_20200731.tif,2
242,CHN0442,130.8393438471588,46.15687872879706,130.8573101528412,46.16936255844728,CHN0442_cement_v4_S2_RGB_20200601_20200731.tif,2
243,CHN0447,99.07641684715881,24.919609297069883,99.0943831528412,24.935992152627943,CHN0447_cement_v4_S2_RGB_20200601_20200731.tif,2
244,CHN0448,102.41392184715879,24.92537068408973,102.43188815284118,24.941752765515893,CHN0448_cement_v4_S2_RGB_20200601_20200731.tif,2
245,CHN0449,99.0858688471588,25.611910396243545,99.10383515284119,25.62819904254007,CHN0449_cement_v4_S2_RGB_20200601_20200731.tif,2
246,CHN0451,103.6465158471588,31.03561904410649,103.66448215284119,31.051088321248418,CHN0451_cement_v4_S2_RGB_20200601_20200731.tif,2
247,CHN0453,102.61284484715878,24.774191556210663,102.63081115284118,24.790593895821775,CHN0453_cement_v4_S2_RGB_20200601_20200731.tif,2
248,CHN0454,99.6801498471588,23.892141610709547,99.6981161528412,23.908659855791992,CHN0454_cement_v4_S2_RGB_20200601_20200731.tif,2
249,CHN0455,103.23315784715881,23.688702524467,103.2511241528412,23.705246945445943,CHN0455_cement_v4_S2_RGB_20200601_20200731.tif,2
250,CHN0462,106.88699784715881,27.50553029593034,106.9049641528412,27.521549114733787,CHN0462_cement_v4_S2_RGB_20200601_20200731.tif,2
251,CHN0463,102.5405118471588,25.22169470159202,102.55847815284119,25.238036743302487,CHN0463_cement_v4_S2_RGB_20200601_20200731.tif,2
252,CHN0464,104.71041984715879,28.41890250721271,104.7283861528412,28.434784890822385,CHN0464_cement_v4_S2_RGB_20200601_20200731.tif,2
253,CHN0465,104.93230284715881,26.5638611065638,104.9502691528412,26.58001631776194,CHN0465_cement_v4_S2_RGB_20200601_20200731.tif,2
254,CHN0466,101.4451618471588,26.612796596428325,101.46312815284121,26.628944827171672,CHN0466_cement_v4_S2_RGB_20200601_20200731.tif,2
255,CHN0469,106.37155984715879,29.957198945179844,106.3895261528412,29.972842433004462,CHN0469_cement_v4_S2_RGB_20200601_20200731.tif,2
256,CHN0470,106.3920828471588,29.330763621055254,106.4100491528412,29.346505764995207,CHN0470_cement_v4_S2_RGB_20200601_20200731.tif,2
257,CHN0472,106.58422984715881,29.470730560300048,106.6021961528412,29.48645082396669,CHN0472_cement_v4_S2_RGB_20200601_20200731.tif,2
258,CHN0481,121.52954384715878,38.98659337421443,121.54751015284117,39.00061392574136,CHN0481_cement_v4_S2_RGB_20200601_20200731.tif,2
259,CHN0482,124.08827184715881,41.912673468582376,124.10623815284117,41.926091820791164,CHN0482_cement_v4_S2_RGB_20200601_20200731.tif,2
260,CHN0484,123.7067338471588,41.35444066431785,123.7247001528412,41.36797662650188,CHN0484_cement_v4_S2_RGB_20200601_20200731.tif,2
261,CHN0485,123.6849518471588,42.11067747801824,123.7029181528412,42.1240538109074,CHN0485_cement_v4_S2_RGB_20200601_20200731.tif,2
262,CHN0487,119.57992384715882,31.534797289269193,119.59789015284119,31.550184070456268,CHN0487_cement_v4_S2_RGB_20200601_20200731.tif,2
263,CHN0489,104.8840388471588,33.401870700324416,104.9020051528412,33.416938640111965,CHN0489_cement_v4_S2_RGB_20200601_20200731.tif,2
264,CHN0499,110.86195384715879,21.683811191848086,110.87992015284118,21.700602313124783,CHN0499_cement_v4_S2_RGB_20200601_20200731.tif,2
265,CHN0503,115.8536818471588,24.52226980670578,115.87164815284119,24.538705649405433,CHN0503_cement_v4_S2_RGB_20200601_20200731.tif,2
266,CHN0504,103.3672338471588,23.294126442162906,103.3852001528412,23.310721034444633,CHN0504_cement_v4_S2_RGB_20200601_20200731.tif,2
267,CHN0506,102.8028288471588,36.33379405258012,102.82079515284119,36.34832926333047,CHN0506_cement_v4_S2_RGB_20200601_20200731.tif,2
268,CHN0508,129.47335884715875,44.42038231825212,129.49132515284117,44.433256967969136,CHN0508_cement_v4_S2_RGB_20200601_20200731.tif,2
269,CHN0516,111.69765484715879,39.915694052433146,111.71562115284118,39.929527243360084,CHN0516_cement_v4_S2_RGB_20200601_20200731.tif,2
270,CHN0517,121.13203884715882,30.057072895611807,121.15000515284122,30.07270048134633,CHN0517_cement_v4_S2_RGB_20200601_20200731.tif,2
271,CHN0518,105.9354458471588,37.86974118828464,105.9534121528412,37.88398211765679,CHN0518_cement_v4_S2_RGB_20200601_20200731.tif,2
272,CHN0520,105.6736768471588,37.39851950211174,105.6916431528412,37.41285180667511,CHN0520_cement_v4_S2_RGB_20200601_20200731.tif,2
273,CHN0521,106.0774458471588,38.528210829055205,106.09541215284119,38.54232247322787,CHN0521_cement_v4_S2_RGB_20200601_20200731.tif,2
274,CHN0522,105.97011184715879,38.507474779282575,105.9880781528412,38.52159052311004,CHN0522_cement_v4_S2_RGB_20200601_20200731.tif,2
275,CHN0523,104.11032484715881,36.58730398260273,104.1282911528412,36.60179133152466,CHN0523_cement_v4_S2_RGB_20200601_20200731.tif,2
276,CHN0524,104.75563184715881,34.80069736903008,104.7735981528412,34.8155159588145,CHN0524_cement_v4_S2_RGB_20200601_20200731.tif,2
277,CHN0528,105.6268018471588,37.42886042927314,105.6447681528412,37.44318687932478,CHN0528_cement_v4_S2_RGB_20200601_20200731.tif,2
278,CHN0530,106.76316684715879,39.30247801995631,106.78113315284119,39.316435278500805,CHN0530_cement_v4_S2_RGB_20200601_20200731.tif,2
279,CHN0537,119.3847338471588,31.71269912973739,119.40270015284119,31.728056228029583,CHN0537_cement_v4_S2_RGB_20200601_20200731.tif,2
280,CHN0542,114.20945984715878,38.1648610447137,114.22742615284118,38.179044259542216,CHN0542_cement_v4_S2_RGB_20200601_20200731.tif,2
281,CHN0545,123.49360884715877,41.348280018892375,123.51157515284117,41.36181727194482,CHN0545_cement_v4_S2_RGB_20200601_20200731.tif,2
282,CHN0547,106.86142984715879,30.469317963173097,106.87939615284118,30.484879408805643,CHN0547_cement_v4_S2_RGB_20200601_20200731.tif,2
283,CHN0556,101.7327318471588,36.896006312831794,101.7506981528412,36.91043499919753,CHN0556_cement_v4_S2_RGB_20200601_20200731.tif,2
284,CHN0563,119.5103048471588,39.99992863505569,119.5282711528412,40.01374466039698,CHN0563_cement_v4_S2_RGB_20200601_20200731.tif,2
285,CHN0567,104.3864998471588,29.468521387275448,104.4044661528412,29.48424199701933,CHN0567_cement_v4_S2_RGB_20200601_20200731.tif,2
286,CHN0569,106.9626018471588,27.5981051169257,106.98056815284119,27.614110292430304,CHN0569_cement_v4_S2_RGB_20200601_20200731.tif,2
287,CHN0570,106.24857384715881,28.308822178881705,106.2665401528412,28.324721220642544,CHN0570_cement_v4_S2_RGB_20200601_20200731.tif,2
288,CHN0574,112.8644848471588,23.43335824772749,112.8824511528412,23.449935226506092,CHN0574_cement_v4_S2_RGB_20200601_20200731.tif,2
289,CHN0577,109.5003738471588,18.314447292506525,109.51834015284119,18.331606276909426,CHN0577_cement_v4_S2_RGB_20200601_20200731.tif,2
290,CHN0578,107.06792784715878,34.528899798660895,107.08589415284118,34.543767531504,CHN0578_cement_v4_S2_RGB_20200601_20200731.tif,2
291,CHN0582,108.98177884715881,34.898712270295604,108.99974515284119,34.9135130567273,CHN0582_cement_v4_S2_RGB_20200601_20200731.tif,2
292,CHN0586,107.7617608471588,34.1933086913351,107.77972715284118,34.20823664177903,CHN0586_cement_v4_S2_RGB_20200601_20200731.tif,2
293,CHN0589,109.0398078471588,35.04775984743615,109.05777415284119,35.06253347835251,CHN0589_cement_v4_S2_RGB_20200601_20200731.tif,2
294,CHN0593,118.07562384715881,36.812048315221446,118.0935901528412,36.82649299737048,CHN0593_cement_v4_S2_RGB_20200601_20200731.tif,2
295,CHN0600,117.4860948471588,34.5077188909081,117.50406115284119,34.5225904394402,CHN0600_cement_v4_S2_RGB_20200601_20200731.tif,2
296,CHN0601,118.0880998471588,36.72812833663801,118.1060661528412,36.742588976522306,CHN0601_cement_v4_S2_RGB_20200601_20200731.tif,2
297,CHN0603,120.13579284715878,29.870606071217484,120.15375915284116,29.886263308036177,CHN0603_cement_v4_S2_RGB_20200601_20200731.tif,2
298,CHN0604,117.79048484715881,30.814886992699968,117.8084511528412,30.830392375206856,CHN0604_cement_v4_S2_RGB_20200601_20200731.tif,2
299,CHN0605,117.64004284715881,34.51609164491653,117.6580091528412,34.530961685359244,CHN0605_cement_v4_S2_RGB_20200601_20200731.tif,2
300,CHN0620,109.5727128471588,35.06423935165541,109.59067915284119,35.07900997399794,CHN0620_cement_v4_S2_RGB_20200601_20200731.tif,2
301,CHN0624,109.28557684715881,32.82632970153436,109.3035431528412,32.84149764454817,CHN0624_cement_v4_S2_RGB_20200601_20200731.tif,2
302,CHN0625,109.25597484715878,34.044004378540194,109.27394115284118,34.05895895591592,CHN0625_cement_v4_S2_RGB_20200601_20200731.tif,2
303,CHN0626,109.51876084715879,35.10017263368923,109.5367271528412,35.11493669166984,CHN0626_cement_v4_S2_RGB_20200601_20200731.tif,2
304,CHN0627,106.8279668471588,33.135166436441935,106.8459331528412,33.15028090657736,CHN0627_cement_v4_S2_RGB_20200601_20200731.tif,2
305,CHN0629,107.4461088471588,33.18765600207277,107.46407515284119,33.20276134043358,CHN0629_cement_v4_S2_RGB_20200601_20200731.tif,2
306,CHN0630,110.2473968471588,33.89002070150869,110.26536315284119,33.905002634350666,CHN0630_cement_v4_S2_RGB_20200601_20200731.tif,2
307,CHN0639,104.77555384715879,29.73448330160209,104.79352015284118,29.750162079344317,CHN0639_cement_v4_S2_RGB_20200601_20200731.tif,2
308,CHN0640,106.8310618471588,30.386733306472664,106.84902815284119,30.402308066493028,CHN0640_cement_v4_S2_RGB_20200601_20200731.tif,2
309,CHN0643,103.4770228471588,29.493027307257428,103.4949891528412,29.508744076726572,CHN0643_cement_v4_S2_RGB_20200601_20200731.tif,2
310,CHN0644,103.52416584715878,29.468538388606984,103.54213215284118,29.484258995687608,CHN0644_cement_v4_S2_RGB_20200601_20200731.tif,2
311,CHN0646,106.6757388471588,30.188920427641005,106.69370515284119,30.20452694771022,CHN0646_cement_v4_S2_RGB_20200601_20200731.tif,2
312,CHN0647,106.89243984715878,30.46009121865333,106.91040615284118,30.475654153435407,CHN0647_cement_v4_S2_RGB_20200601_20200731.tif,2
313,CHN0650,103.3879378471588,29.916892743347635,103.40590415284119,29.932542635333707,CHN0650_cement_v4_S2_RGB_20200601_20200731.tif,2
314,CHN0651,106.75389584715879,30.33693530034105,106.77186215284118,30.352518073222324,CHN0651_cement_v4_S2_RGB_20200601_20200731.tif,2
315,CHN0653,103.8913208471588,29.225577431056156,103.90928715284119,29.24133595634459,CHN0653_cement_v4_S2_RGB_20200601_20200731.tif,2
316,CHN0654,103.5028838471588,29.483386551755007,103.52085015284119,29.499104832351215,CHN0654_cement_v4_S2_RGB_20200601_20200731.tif,2
317,CHN0656,106.74275484715879,30.057212906773998,106.76072115284119,30.0728404701824,CHN0656_cement_v4_S2_RGB_20200601_20200731.tif,2
318,CHN0658,107.55915484715881,26.61779195300744,107.57712115284119,26.633939470518538,CHN0658_cement_v4_S2_RGB_20200601_20200731.tif,2
319,CHN0659,104.51328784715881,31.31084271244142,104.5312541528412,31.32626664978528,CHN0659_cement_v4_S2_RGB_20200601_20200731.tif,2
320,CHN0660,104.0334468471588,31.250685742515085,104.05141315284119,31.266119620390256,CHN0660_cement_v4_S2_RGB_20200601_20200731.tif,2
321,CHN0661,102.60161684715881,26.631797953113455,102.6195831528412,26.647943470205167,CHN0661_cement_v4_S2_RGB_20200601_20200731.tif,2
322,CHN0662,102.2289288471588,29.749724505240383,102.2468951528412,29.76540087551575,CHN0662_cement_v4_S2_RGB_20200601_20200731.tif,2
323,CHN0676,102.7226918471588,30.075229343500542,102.74065815284119,30.090854033235516,CHN0676_cement_v4_S2_RGB_20200601_20200731.tif,2
324,CHN0679,112.8092378471588,23.223239977937986,112.82720415284119,23.23984349988312,CHN0679_cement_v4_S2_RGB_20200601_20200731.tif,2
325,CHN0680,100.87244784715881,22.771068802364276,100.8904141528412,22.78772868327479,CHN0680_cement_v4_S2_RGB_20200601_20200731.tif,2
326,CHN0681,111.98939484715879,23.045072813888215,112.00736115284118,23.06169866699752,CHN0681_cement_v4_S2_RGB_20200601_20200731.tif,2
327,CHN0682,113.8165198471588,27.689287855811187,113.83448615284118,27.70527955226256,CHN0682_cement_v4_S2_RGB_20200601_20200731.tif,2
328,CHN0683,105.38967884715879,34.613838459202526,105.40764515284118,34.628690870230706,CHN0683_cement_v4_S2_RGB_20200601_20200731.tif,2
329,CHN0684,93.43160384715878,42.705883107635934,93.44957015284118,42.71913218014868,CHN0684_cement_v4_S2_RGB_20200601_20200731.tif,2
330,CHN0685,86.30051984715881,42.38770600498124,86.31848615284119,42.40102328337497,CHN0685_cement_v4_S2_RGB_20200601_20200731.tif,2
331,CHN0686,106.83157984715879,35.4729048481381,106.8495461528412,35.48760047423175,CHN0686_cement_v4_S2_RGB_20200601_20200731.tif,2
332,CHN0687,87.6488548471588,43.93532876926588,87.6668211528412,43.9483105171381,CHN0687_cement_v4_S2_RGB_20200601_20200731.tif,2
333,CHN0688,119.22363284715881,31.474649288505265,119.2415991528412,31.490046071888045,CHN0688_cement_v4_S2_RGB_20200601_20200731.tif,2
334,CHN0689,111.97170684715879,23.026876678253764,111.98967315284118,23.043504802946124,CHN0689_cement_v4_S2_RGB_20200601_20200731.tif,2
335,CHN0691,87.57424484715881,43.74255661492295,87.5922111528412,43.755580671610495,CHN0691_cement_v4_S2_RGB_20200601_20200731.tif,2
336,CHN0692,117.7430948471588,31.511251330626212,117.7610611528412,31.526642029360353,CHN0692_cement_v4_S2_RGB_20200601_20200731.tif,2
337,CHN0693,101.5939008471588,36.433009401170345,101.61186715284119,36.4475259140359,CHN0693_cement_v4_S2_RGB_20200601_20200731.tif,2
338,CHN0694,113.20728284715881,27.95602068517377,113.2252491528412,27.97197271918415,CHN0694_cement_v4_S2_RGB_20200601_20200731.tif,2
339,CHN0695,106.98367784715879,33.091653656422054,107.00164415284118,33.10677568702412,CHN0695_cement_v4_S2_RGB_20200601_20200731.tif,2
340,CHN0696,111.30620584715881,29.30382952138539,111.3241721528412,29.31957586501003,CHN0696_cement_v4_S2_RGB_20200601_20200731.tif,2
341,CHN0697,112.8380728471588,27.975818163858825,112.85603915284119,27.991767240225403,CHN0697_cement_v4_S2_RGB_20200601_20200731.tif,2
342,CHN0698,119.57842984715877,31.500831464276093,119.59639615284117,31.51622389582619,CHN0698_cement_v4_S2_RGB_20200601_20200731.tif,2
343,CHN0702,111.46934084715879,30.05849100867121,111.48730715284118,30.07411836826958,CHN0702_cement_v4_S2_RGB_20200601_20200731.tif,2
344,CHN0703,108.9341348471588,19.227733213004985,108.95210115284121,19.24479833829741,CHN0703_cement_v4_S2_RGB_20200601_20200731.tif,2
345,CHN0704,113.2293148471588,34.38622096722101,113.2472811528412,34.40111436418639,CHN0704_cement_v4_S2_RGB_20200601_20200731.tif,2
346,CHN0705,104.09350784715879,28.57673149925209,104.11147415284118,28.592589896663704,CHN0705_cement_v4_S2_RGB_20200601_20200731.tif,2
347,CHN0706,116.9082428471588,36.574708790349284,116.9262091528412,36.589198523865434,CHN0706_cement_v4_S2_RGB_20200601_20200731.tif,2
348,CHN0708,118.93793484715881,36.02798037369196,118.95590115284121,36.04257294444185,CHN0708_cement_v4_S2_RGB_20200601_20200731.tif,2
349,CHN0709,118.9749728471588,36.66833566133297,118.99293915284119,36.682807652235915,CHN0709_cement_v4_S2_RGB_20200601_20200731.tif,2
350,CHN0710,116.84649584715879,36.55106255295071,116.86446215284118,36.56555676142828,CHN0710_cement_v4_S2_RGB_20200601_20200731.tif,2
351,CHN0711,116.3668108471588,35.353717873798395,116.3847771528412,35.368435449514685,CHN0711_cement_v4_S2_RGB_20200601_20200731.tif,2
352,CHN0712,120.82169984715877,37.67932166884178,120.83966615284116,37.693599638226694,CHN0712_cement_v4_S2_RGB_20200601_20200731.tif,2
353,CHN0713,116.5653958471588,36.269567012325496,116.58336215284116,36.28411430404548,CHN0713_cement_v4_S2_RGB_20200601_20200731.tif,2
354,CHN0714,121.04689584715882,37.46598601370379,121.06486215284121,37.48030529466406,CHN0714_cement_v4_S2_RGB_20200601_20200731.tif,2
355,CHN0716,121.6183418471588,39.46648853378202,121.63630815284117,39.48041276393083,CHN0716_cement_v4_S2_RGB_20200601_20200731.tif,2
356,CHN0717,123.33171784715881,41.21799638776554,123.3496841528412,41.231560903448845,CHN0717_cement_v4_S2_RGB_20200601_20200731.tif,2
357,CHN0718,117.61188584715882,34.52485543430904,117.62985215284118,34.539723895890866,CHN0718_cement_v4_S2_RGB_20200601_20200731.tif,2
358,CHN0719,119.01768984715878,36.116134619532446,119.03565615284117,36.1307106979524,CHN0719_cement_v4_S2_RGB_20200601_20200731.tif,2
359,CHN0720,117.74135184715881,36.62998202506821,117.75931815284117,36.64446128876432,CHN0720_cement_v4_S2_RGB_20200601_20200731.tif,2
360,CHN0724,113.39557684715881,24.244472521771932,113.4135431528412,24.26094493888693,CHN0724_cement_v4_S2_RGB_20200601_20200731.tif,2
361,CHN0725,109.34633784715881,23.136288519426984,109.36430415284119,23.152902959887175,CHN0725_cement_v4_S2_RGB_20200601_20200731.tif,2
362,CHN0726,119.24973084715879,32.1839097946264,119.26769715284117,32.19918755807498,CHN0726_cement_v4_S2_RGB_20200601_20200731.tif,2
363,CHN0728,112.3972178471588,37.87016622970992,112.41518415284118,37.88440707622903,CHN0728_cement_v4_S2_RGB_20200601_20200731.tif,2
364,CHN0729,112.7304988471588,37.80643902309134,112.74846515284118,37.82069228322131,CHN0729_cement_v4_S2_RGB_20200601_20200731.tif,2
365,CHN0733,118.4546748471588,39.750961310734276,118.47264115284119,39.764827985742684,CHN0733_cement_v4_S2_RGB_20200601_20200731.tif,2
366,CHN0736,112.3121338471588,33.4026977727211,112.3301001528412,33.417765567707335,CHN0736_cement_v4_S2_RGB_20200601_20200731.tif,2
367,CHN0737,114.62112084715878,31.941792349420187,114.63908715284117,31.957111005861798,CHN0737_cement_v4_S2_RGB_20200601_20200731.tif,2
368,CHN0738,123.27820184715881,41.2708459130481,123.29616815284118,41.284399378011514,CHN0738_cement_v4_S2_RGB_20200601_20200731.tif,2
369,CHN0739,113.4077688471588,34.29182550329725,113.42573515284118,34.30673582894148,CHN0739_cement_v4_S2_RGB_20200601_20200731.tif,2
370,CHN0740,111.9131608471588,34.776402165989126,111.93112715284119,34.79122516206039,CHN0740_cement_v4_S2_RGB_20200601_20200731.tif,2
371,CHN0741,112.8181208471588,34.114465654956945,112.83608715284119,34.129407678863565,CHN0741_cement_v4_S2_RGB_20200601_20200731.tif,2
372,CHN0742,121.42518284715882,39.5746314533899,121.44314915284122,39.58853384384491,CHN0742_cement_v4_S2_RGB_20200601_20200731.tif,2
373,CHN0743,113.36273284715881,34.64904063882102,113.38069915284122,34.66388669031069,CHN0743_cement_v4_S2_RGB_20200601_20200731.tif,2
374,CHN0744,112.8889878471588,33.87625348131073,112.90695415284121,33.89123785467502,CHN0744_cement_v4_S2_RGB_20200601_20200731.tif,2
375,CHN0745,114.0286808471588,35.42569949783917,114.04664715284119,35.44040382490285,CHN0745_cement_v4_S2_RGB_20200601_20200731.tif,2
376,CHN0746,117.0092608471588,34.12424952735672,117.02722715284118,34.13918980637585,CHN0746_cement_v4_S2_RGB_20200601_20200731.tif,2
377,CHN0756,114.0166208471588,35.43817264684325,114.0345871528412,35.45287467580025,CHN0756_cement_v4_S2_RGB_20200601_20200731.tif,2
378,CHN0759,106.8951558471588,39.609506980144396,106.91312215284118,39.623402316938375,CHN0759_cement_v4_S2_RGB_20200601_20200731.tif,2
379,CHN0762,118.0060578471588,31.125569433132092,118.02402415284119,31.141023931193864,CHN0762_cement_v4_S2_RGB_20200601_20200731.tif,2
380,CHN0763,117.99864984715879,31.140112629578415,118.0166161528412,31.155564734581734,CHN0763_cement_v4_S2_RGB_20200601_20200731.tif,2
381,CHN0793,113.17256184715879,30.946734761365068,113.19052815284118,30.962218605012822,CHN0793_cement_v4_S2_RGB_20200601_20200731.tif,2
382,CHN0805,104.1172808471588,26.18067798408441,104.13524715284119,26.196887445983577,CHN0805_cement_v4_S2_RGB_20200601_20200731.tif,2
383,CHN0807,100.6255158471588,26.339970215035493,100.64348215284119,26.356157212632684,CHN0807_cement_v4_S2_RGB_20200601_20200731.tif,2
384,CHN0811,104.2093948471588,23.35236711954408,104.2273611528412,23.368954356068905,CHN0811_cement_v4_S2_RGB_20200601_20200731.tif,2
385,CHN0815,117.47018884715878,34.97058681131942,117.48815515284117,34.98537451510598,CHN0815_cement_v4_S2_RGB_20200601_20200731.tif,2
386,CHN0819,120.14833884715881,29.832942086934146,120.1663051528412,29.848605292786477,CHN0819_cement_v4_S2_RGB_20200601_20200731.tif,2
387,CHN0822,115.7634658471588,26.390233771908758,115.78143215284119,26.406413655005913,CHN0822_cement_v4_S2_RGB_20200601_20200731.tif,2
388,CHN0827,118.54043184715881,28.681070460130137,118.5583981528412,28.69691293439492,CHN0827_cement_v4_S2_RGB_20200601_20200731.tif,2
389,CHN0828,116.9263328471588,26.27746680072834,116.94429915284118,26.2936626278793,CHN0828_cement_v4_S2_RGB_20200601_20200731.tif,2
390,CHN0829,115.4963838471588,28.144620810532967,115.51435015284119,28.16054459122942,CHN0829_cement_v4_S2_RGB_20200601_20200731.tif,2
391,CHN0830,106.8175918471588,30.18112880409412,106.83555815284119,30.196736571351675,CHN0830_cement_v4_S2_RGB_20200601_20200731.tif,2
392,CHN0831,104.7516558471588,31.859739451557253,104.76962215284121,31.875071904609957,CHN0831_cement_v4_S2_RGB_20200601_20200731.tif,2
393,CHN0832,117.36476484715881,25.346712212693415,117.38273115284122,25.36303723023174,CHN0832_cement_v4_S2_RGB_20200601_20200731.tif,2
394,CHN0833,103.20614584715881,24.9905040651913,103.2241121528412,25.00687738337358,CHN0833_cement_v4_S2_RGB_20200601_20200731.tif,2
395,CHN0834,117.7049448471588,25.768623223714656,117.72291115284116,25.784890212644772,CHN0834_cement_v4_S2_RGB_20200601_20200731.tif,2
396,CHN0835,119.1537528471588,29.180064895596264,119.17171915284119,29.19583049239133,CHN0835_cement_v4_S2_RGB_20200601_20200731.tif,2
397,CHN0836,106.88303284715879,26.531439797671645,106.90099915284118,26.547599627135856,CHN0836_cement_v4_S2_RGB_20200601_20200731.tif,2
398,CHN0839,119.50928984715878,29.178708790328983,119.52725615284119,29.19447459767613,CHN0839_cement_v4_S2_RGB_20200601_20200731.tif,2
399,CHN0841,119.6677578471588,29.98563120610172,119.6857241528412,30.00127017173274,CHN0841_cement_v4_S2_RGB_20200601_20200731.tif,2
400,CHN0843,120.80951384715881,30.600368559606597,120.8274801528412,30.615908810816954,CHN0843_cement_v4_S2_RGB_20200601_20200731.tif,2
401,CHN0851,113.40858384715881,34.51556759771881,113.4265501528412,34.530437732561495,CHN0851_cement_v4_S2_RGB_20200601_20200731.tif,2
402,CHN0855,118.20814484715879,36.69463115624175,118.22611115284117,36.70909815714705,CHN0855_cement_v4_S2_RGB_20200601_20200731.tif,2
403,CHN0856,117.96001884715882,36.5568320987499,117.97798515284121,36.57132521558898,CHN0856_cement_v4_S2_RGB_20200601_20200731.tif,2
0,CHN0001,119.4034208471588,41.26710252149821,119.42138715284119,41.28065676957228,CHN0001_steel_v4_S2_RGB_20200601_20200731.tif,1
1,CHN0002,123.60643484715882,41.21354092221905,123.62440115284119,41.227106369008474,CHN0002_steel_v4_S2_RGB_20200601_20200731.tif,1
2,CHN0003,122.93522684715879,41.166049962466914,122.9531931528412,41.17962532890196,CHN0003_steel_v4_S2_RGB_20200601_20200731.tif,1
3,CHN0004,123.6071908471588,47.18574618607231,123.6251571528412,47.19799310297647,CHN0004_steel_v4_S2_RGB_20200601_20200731.tif,1
4,CHN0005,117.71203284715881,40.939927410585284,117.7299991528412,40.9535498814834,CHN0005_steel_v4_S2_RGB_20200601_20200731.tif,1
5,CHN0006,123.7230258471588,41.273236163077556,123.74099215284119,41.28678912797509,CHN0006_steel_v4_S2_RGB_20200601_20200731.tif,1
6,CHN0007,122.97795584715882,41.132852498207605,122.99592215284122,41.146434793261214,CHN0007_steel_v4_S2_RGB_20200601_20200731.tif,1
7,CHN0008,122.38724284715882,40.66262567156742,122.40520915284121,40.67630562141998,CHN0008_steel_v4_S2_RGB_20200601_20200731.tif,1
8,CHN0009,126.52468984715877,44.01201320461311,126.54265615284116,44.024978081748344,CHN0009_steel_v4_S2_RGB_20200601_20200731.tif,1
9,CHN0010,126.0123098471588,41.77266366051543,126.0302761528412,41.786111629195396,CHN0010_steel_v4_S2_RGB_20200601_20200731.tif,1
10,CHN0011,123.78555984715881,41.83143987211888,123.8035261528412,41.844875417448264,CHN0011_steel_v4_S2_RGB_20200601_20200731.tif,1
11,CHN0012,123.7457618471588,41.83461120747174,123.7637281528412,41.848046082087734,CHN0012_steel_v4_S2_RGB_20200601_20200731.tif,1
12,CHN0013,125.99286584715881,43.19003338662035,126.0108321528412,43.2031779004635,CHN0013_steel_v4_S2_RGB_20200601_20200731.tif,1
13,CHN0014,87.29897184715881,43.84466581108286,87.31693815284119,43.857667475377994,CHN0014_steel_v4_S2_RGB_20200601_20200731.tif,1
14,CHN0015,131.0740188471588,46.59879336737011,131.0919851528412,46.6111759205523,CHN0015_steel_v4_S2_RGB_20200601_20200731.tif,1
15,CHN0016,109.73877084715879,40.645928946209345,109.75673715284118,40.65961234683548,CHN0016_steel_v4_S2_RGB_20200601_20200731.tif,1
16,CHN0017,120.35937184715881,41.52081612405519,120.37733815284118,41.5343171663052,CHN0017_steel_v4_S2_RGB_20200601_20200731.tif,1
17,CHN0018,115.08559684715878,40.5808222238974,115.10356315284116,40.59451906937374,CHN0018_steel_v4_S2_RGB_20200601_20200731.tif,1
18,CHN0019,122.0518958471588,39.184591185237075,122.06986215284118,39.19857211376926,CHN0019_steel_v4_S2_RGB_20200601_20200731.tif,1
19,CHN0020,122.12437384715881,40.304859827960605,122.14234015284117,40.3186134663105,CHN0020_steel_v4_S2_RGB_20200601_20200731.tif,1
20,CHN0021,114.5563988471588,38.05123891273325,114.5743651528412,38.065444392162796,CHN0021_steel_v4_S2_RGB_20200601_20200731.tif,1
21,CHN0022,117.80796284715882,38.281560507014476,117.82592915284121,38.29572079659549,CHN0022_steel_v4_S2_RGB_20200601_20200731.tif,1
22,CHN0023,114.1321488471588,38.38520171117238,114.1501151528412,38.399341591873686,CHN0023_steel_v4_S2_RGB_20200601_20200731.tif,1
23,CHN0024,118.4924638471588,38.95292701392154,118.51043015284118,38.966954286199055,CHN0024_steel_v4_S2_RGB_20200601_20200731.tif,1
24,CHN0025,117.48962284715881,38.96335005400502,117.5075891528412,38.977375246064426,CHN0025_steel_v4_S2_RGB_20200601_20200731.tif,1
25,CHN0026,117.49031584715877,39.02340005069481,117.50828215284116,39.03741324908193,CHN0026_steel_v4_S2_RGB_20200601_20200731.tif,1
26,CHN0027,118.09680784715881,39.53298524530219,118.1147741528412,39.54689605211551,CHN0027_steel_v4_S2_RGB_20200601_20200731.tif,1
27,CHN0028,129.2792778471588,47.48866643455933,129.2972441528412,47.500842855207125,CHN0028_steel_v4_S2_RGB_20200601_20200731.tif,1
28,CHN0029,119.02185984715878,39.26485123939865,119.03982615284117,39.27881605923245,CHN0029_steel_v4_S2_RGB_20200601_20200731.tif,1
29,CHN0030,118.09735084715882,39.53169911540484,118.11531715284121,39.54561018201854,CHN0030_steel_v4_S2_RGB_20200601_20200731.tif,1
30,CHN0032,118.20082584715881,39.70403955249201,118.21879215284117,39.71791574418399,CHN0032_steel_v4_S2_RGB_20200601_20200731.tif,1
31,CHN0033,98.28693084715879,39.80484578073768,98.30489715284118,39.818701515513055,CHN0033_steel_v4_S2_RGB_20200601_20200731.tif,1
32,CHN0034,119.4985978471588,40.01107277163544,119.5165641528412,40.024886523772615,CHN0034_steel_v4_S2_RGB_20200601_20200731.tif,1
33,CHN0036,117.95693284715878,40.160813068603964,117.97489915284118,40.17459622621528,CHN0036_steel_v4_S2_RGB_20200601_20200731.tif,1
34,CHN0037,118.21387884715882,40.20640173505752,118.23184515284119,40.2201755595863,CHN0037_steel_v4_S2_RGB_20200601_20200731.tif,1
35,CHN0038,117.5838268471588,40.50479138475156,117.6017931528412,40.51850390878847,CHN0038_steel_v4_S2_RGB_20200601_20200731.tif,1
36,CHN0039,111.1464078471588,37.373012042807126,111.16437415284119,37.38734926613913,CHN0039_steel_v4_S2_RGB_20200601_20200731.tif,1
37,CHN0041,107.04041184715881,29.787249471050522,107.0583781528412,29.80291990923805,CHN0041_steel_v4_S2_RGB_20200601_20200731.tif,1
38,CHN0042,114.4450298471588,37.0359326760425,114.4629961528412,37.05033463506242,CHN0042_steel_v4_S2_RGB_20200601_20200731.tif,1
39,CHN0043,112.8878048471588,27.808844722429026,112.90577115284118,27.82481868397268,CHN0043_steel_v4_S2_RGB_20200601_20200731.tif,1
40,CHN0045,115.98230184715881,28.637639143201298,116.00026815284117,28.653488251901674,CHN0045_steel_v4_S2_RGB_20200601_20200731.tif,1
41,CHN0047,103.5327738471588,29.390349272286176,103.5507401528412,29.40608211300309,CHN0047_steel_v4_S2_RGB_20200601_20200731.tif,1
42,CHN0048,116.26984284715878,29.773246363912634,116.28780915284118,29.788919016550263,CHN0048_steel_v4_S2_RGB_20200601_20200731.tif,1
43,CHN0050,114.9035658471588,27.775570251216028,114.92153215284121,27.791549155649978,CHN0050_steel_v4_S2_RGB_20200601_20200731.tif,1
44,CHN0051,121.86736384715881,29.910570241453893,121.88533015284118,29.92622113730553,CHN0051_steel_v4_S2_RGB_20200601_20200731.tif,1
45,CHN0054,114.8519528471588,30.38849044793796,114.86991915284119,30.40406492500669,CHN0054_steel_v4_S2_RGB_20200601_20200731.tif,1
46,CHN0055,114.43661884715878,30.616805891558066,114.45458515284118,30.632343478671373,CHN0055_steel_v4_S2_RGB_20200601_20200731.tif,1
47,CHN0056,120.9714268471588,30.742552102171437,120.9893931528412,30.75806926657999,CHN0056_steel_v4_S2_RGB_20200601_20200731.tif,1
48,CHN0057,104.2799448471588,30.864140010643023,104.2979111528412,30.879637356691056,CHN0057_steel_v4_S2_RGB_20200601_20200731.tif,1
49,CHN0058,120.00440384715877,30.88929506493947,120.02237015284118,30.904788302102812,CHN0058_steel_v4_S2_RGB_20200601_20200731.tif,1
50,CHN0059,114.8952878471588,30.320609988288783,114.91325415284119,30.33619538547095,CHN0059_steel_v4_S2_RGB_20200601_20200731.tif,1
51,CHN0060,111.9534348471588,27.74131270981276,111.97140115284118,27.757296697532116,CHN0060_steel_v4_S2_RGB_20200601_20200731.tif,1
52,CHN0061,102.1967258471588,27.738408494494468,102.2146921528412,27.754392912891003,CHN0061_steel_v4_S2_RGB_20200601_20200731.tif,1
53,CHN0062,113.7168038471588,27.622955951521433,113.7347701528412,27.638957457484494,CHN0062_steel_v4_S2_RGB_20200601_20200731.tif,1
54,CHN0064,113.62559384715878,22.63117119065572,113.64356015284119,22.647848297428915,CHN0064_steel_v4_S2_RGB_20200601_20200731.tif,1
55,CHN0066,113.49667484715879,23.118271390778695,113.51464115284118,23.13488808884545,CHN0066_steel_v4_S2_RGB_20200601_20200731.tif,1
56,CHN0068,109.37128784715878,24.377165231528842,109.38925415284118,24.393620226951278,CHN0068_steel_v4_S2_RGB_20200601_20200731.tif,1
57,CHN0069,117.93970884715878,24.464173966714334,117.95767515284118,24.480617490343572,CHN0069_steel_v4_S2_RGB_20200601_20200731.tif,1
58,CHN0070,113.62734984715878,24.697691453108558,113.64531615284118,24.714104000157867,CHN0070_steel_v4_S2_RGB_20200601_20200731.tif,1
59,CHN0071,102.36970484715879,24.94553803948201,102.38767115284118,24.96191740980107,CHN0071_steel_v4_S2_RGB_20200601_20200731.tif,1
60,CHN0072,102.3029108471588,25.01576976751078,102.32087715284119,25.032139680651202,CHN0072_steel_v4_S2_RGB_20200601_20200731.tif,1
61,CHN0073,119.4404738471588,25.95099790104039,119.45844015284119,25.967239532519635,CHN0073_steel_v4_S2_RGB_20200601_20200731.tif,1
62,CHN0074,117.6033108471588,26.252614048186256,117.62127715284117,26.26881338079571,CHN0074_steel_v4_S2_RGB_20200601_20200731.tif,1
63,CHN0075,101.66605284715881,26.55704062062567,101.68401915284122,26.573196803801363,CHN0075_steel_v4_S2_RGB_20200601_20200731.tif,1
64,CHN0076,104.8689368471588,26.587807813599976,104.8869031528412,26.603959610370406,CHN0076_steel_v4_S2_RGB_20200601_20200731.tif,1
65,CHN0078,112.5769208471588,26.87151714531386,112.5948871528412,26.887628274477688,CHN0078_steel_v4_S2_RGB_20200601_20200731.tif,1
66,CHN0080,107.4451538471588,31.181950074253123,107.4631201528412,31.19739528943111,CHN0080_steel_v4_S2_RGB_20200601_20200731.tif,1
67,CHN0084,112.54537384715879,35.08015480496651,112.56334015284118,35.09492252055635,CHN0084_steel_v4_S2_RGB_20200601_20200731.tif,1
68,CHN0085,119.3546818471588,35.15107428783478,119.3726481528412,35.16582903710922,CHN0085_steel_v4_S2_RGB_20200601_20200731.tif,1
69,CHN0086,111.2946988471588,35.4062677085086,111.3126651528412,35.42097561438714,CHN0086_steel_v4_S2_RGB_20200601_20200731.tif,1
70,CHN0087,116.74949184715882,35.74327886051241,116.76745815284119,35.75792445976182,CHN0087_steel_v4_S2_RGB_20200601_20200731.tif,1
71,CHN0088,116.73780484715878,35.49569094981124,116.75577115284118,35.510382372379645,CHN0088_steel_v4_S2_RGB_20200601_20200731.tif,1
72,CHN0089,111.54209784715879,36.05940131079852,111.56006415284118,36.07398800710324,CHN0089_steel_v4_S2_RGB_20200601_20200731.tif,1
73,CHN0090,114.2776338471588,36.116807682556,114.29560015284119,36.13138363492394,CHN0090_steel_v4_S2_RGB_20200601_20200731.tif,1
74,CHN0091,114.13746984715878,36.13438932920111,114.15543615284118,36.1489619881502,CHN0091_steel_v4_S2_RGB_20200601_20200731.tif,1
75,CHN0092,120.3756078471588,36.214635853516754,120.3935741528412,36.22919346325074,CHN0092_steel_v4_S2_RGB_20200601_20200731.tif,1
76,CHN0093,117.6121268471588,36.21210561605212,117.6300931528412,36.22666370073369,CHN0093_steel_v4_S2_RGB_20200601_20200731.tif,1
77,CHN0094,117.52821984715881,36.30016588887439,117.5461861528412,36.314707427276815,CHN0094_steel_v4_S2_RGB_20200601_20200731.tif,1
78,CHN0095,113.05355584715879,36.343223940182,113.07152215284118,36.35775737566128,CHN0095_steel_v4_S2_RGB_20200601_20200731.tif,1
79,CHN0096,119.2293898471588,36.63824280799121,119.24735615284119,36.652720505784444,CHN0096_steel_v4_S2_RGB_20200601_20200731.tif,1
80,CHN0097,113.9038548471588,36.71224782855374,113.9218211528412,36.72671148471476,CHN0097_steel_v4_S2_RGB_20200601_20200731.tif,1
81,CHN0100,118.9735338471588,33.55758235791496,118.9915001528412,33.57262298104025,CHN0100_steel_v4_S2_RGB_20200601_20200731.tif,1
82,CHN0101,111.9723978471588,37.07019895504118,111.99036415284118,37.084594355839876,CHN0101_steel_v4_S2_RGB_20200601_20200731.tif,1
83,CHN0102,113.4707718471588,33.27999504921763,113.4887381528412,33.295084292391856,CHN0102_steel_v4_S2_RGB_20200601_20200731.tif,1
84,CHN0103,106.6524708471588,33.12511956326907,106.67043715284119,33.14023577984864,CHN0103_steel_v4_S2_RGB_20200601_20200731.tif,1
85,CHN0104,121.4664988471588,31.346719680494548,121.4844651528412,31.36213768132879,CHN0104_steel_v4_S2_RGB_20200601_20200731.tif,1
86,CHN0105,121.42711484715879,31.427728393338477,121.4450811528412,31.44313296757783,CHN0105_steel_v4_S2_RGB_20200601_20200731.tif,1
87,CHN0106,120.0663888471588,31.695483690402625,120.0843551528412,31.710843667552766,CHN0106_steel_v4_S2_RGB_20200601_20200731.tif,1
88,CHN0107,120.06769084715879,31.698076907169945,120.0856571528412,31.71343645075705,CHN0107_steel_v4_S2_RGB_20200601_20200731.tif,1
89,CHN0109,104.7548568471588,31.755793735791674,104.77282315284118,31.771143621504645,CHN0109_steel_v4_S2_RGB_20200601_20200731.tif,1
90,CHN0114,120.72021284715878,31.843285070191463,120.73817915284117,31.858620286153922,CHN0114_steel_v4_S2_RGB_20200601_20200731.tif,1
91,CHN0115,118.6021098471588,31.896727559059123,118.62007615284116,31.912053796708427,CHN0115_steel_v4_S2_RGB_20200601_20200731.tif,1
92,CHN0116,120.3190878471588,31.941103291428497,120.3370541528412,31.95642206386093,CHN0116_steel_v4_S2_RGB_20200601_20200731.tif,1
93,CHN0118,120.62605784715882,31.973717037441094,120.64402415284121,31.989030317497996,CHN0118_steel_v4_S2_RGB_20200601_20200731.tif,1
94,CHN0119,120.6452758471588,31.97242692876944,120.66324215284119,31.987740426183453,CHN0119_steel_v4_S2_RGB_20200601_20200731.tif,1
95,CHN0120,118.7360628471588,32.18615698502497,118.7540291528412,32.20143436765269,CHN0120_steel_v4_S2_RGB_20200601_20200731.tif,1
96,CHN0121,111.52348184715879,33.26230950644792,111.54144815284118,33.277401835332775,CHN0121_steel_v4_S2_RGB_20200601_20200731.tif,1
97,CHN0122,110.4921908471588,21.048920284260426,110.51015715284119,21.06578523234326,CHN0122_steel_v4_S2_RGB_20200601_20200731.tif,1
98,CHN0144,104.49232484715878,29.723518436020676,104.51029115284118,29.739198945062693,CHN0144_steel_v4_S2_RGB_20200601_20200731.tif,1
99,CHN0167,113.1918198471588,21.9520690982211,113.2097861528412,21.968828401912273,CHN0167_steel_v4_S2_RGB_20200601_20200731.tif,1
100,CHN0174,121.86438484715882,29.889720587038944,121.88235115284118,29.905374791978165,CHN0174_steel_v4_S2_RGB_20200601_20200731.tif,1
101,CHN0176,119.6421508471588,26.477727978278928,119.66011715284117,26.493895447328438,CHN0176_steel_v4_S2_RGB_20200601_20200731.tif,1
102,CHN0178,121.4666338471588,31.381046523134067,121.48460015284117,31.396458838304277,CHN0178_steel_v4_S2_RGB_20200601_20200731.tif,1
103,CHN0183,118.47593584715882,31.733051832262806,118.49390215284122,31.748405525281683,CHN0183_steel_v4_S2_RGB_20200601_20200731.tif,1
104,CHN0187,102.47293784715879,24.89940094023546,102.49090415284118,24.915786509785924,CHN0187_steel_v4_S2_RGB_20200601_20200731.tif,1
105,CHN0202,110.49301684715878,21.04804523410982,110.51098315284118,21.06491028251005,CHN0202_steel_v4_S2_RGB_20200601_20200731.tif,1
106,CHN0204,108.4001548471588,21.677543822435798,108.41812115284118,21.69433568265066,CHN0204_steel_v4_S2_RGB_20200601_20200731.tif,1
107,CHN0208,120.7201568471588,31.844060135244973,120.73812315284118,31.85939522109201,CHN0208_steel_v4_S2_RGB_20200601_20200731.tif,1
108,CHN0209,117.49031584715877,39.02340005069481,117.50828215284116,39.03741324908193,CHN0209_steel_v4_S2_RGB_20200601_20200731.tif,1
109,CHN0213,118.19690784715878,39.79696097994412,118.21487415284119,39.81081831633957,CHN0213_steel_v4_S2_RGB_20200601_20200731.tif,1
110,CHN0215,118.5653028471588,39.9325527689745,118.58326915284118,39.946382526750064,CHN0215_steel_v4_S2_RGB_20200601_20200731.tif,1
111,CHN0216,118.55127984715881,39.96934951765158,118.5692461528412,39.98317177792401,CHN0216_steel_v4_S2_RGB_20200601_20200731.tif,1
112,CHN0217,117.95859084715877,40.16095508313385,117.97655715284117,40.17473821168483,CHN0217_steel_v4_S2_RGB_20200601_20200731.tif,1
113,CHN0224,123.60645884715882,47.188494505117085,123.62442515284121,47.20074078393786,CHN0224_steel_v4_S2_RGB_20200601_20200731.tif,1
114,CHN0228,112.5323578471588,37.9216052459187,112.5503241528412,37.93583605972115,CHN0228_steel_v4_S2_RGB_20200601_20200731.tif,1
115,CHN0232,120.7556708471588,32.085124436395915,120.7736371528412,32.10041891735272,CHN0232_steel_v4_S2_RGB_20200601_20200731.tif,1
116,CHN0233,119.77657584715881,34.376583102123085,119.7945421528412,34.391478229368886,CHN0233_steel_v4_S2_RGB_20200601_20200731.tif,1
117,CHN0235,119.37413384715876,35.18595448042011,119.39210015284117,35.20070284424075,CHN0235_steel_v4_S2_RGB_20200601_20200731.tif,1
118,CHN0236,117.81748784715879,36.08267448769085,117.83545415284118,36.09725683003957,CHN0236_steel_v4_S2_RGB_20200601_20200731.tif,1
119,CHN0239,114.41244584715879,36.592977519770095,114.4304121528412,36.607463794318015,CHN0239_steel_v4_S2_RGB_20200601_20200731.tif,1
120,CHN0240,113.7409348471588,36.593087530186516,113.75890115284119,36.60757378390082,CHN0240_steel_v4_S2_RGB_20200601_20200731.tif,1
121,CHN0241,113.7409348471588,36.593087530186516,113.75890115284119,36.60757378390082,CHN0241_steel_v4_S2_RGB_20200601_20200731.tif,1
122,CHN0242,114.43299484715881,36.596242828959795,114.4509611528412,36.61072848510573,CHN0242_steel_v4_S2_RGB_20200601_20200731.tif,1
123,CHN0246,112.5323578471588,37.9216052459187,112.5503241528412,37.93583605972115,CHN0246_steel_v4_S2_RGB_20200601_20200731.tif,1
124,CHN0286,117.8165818471588,36.098704987824284,117.83454815284117,36.11328432978838,CHN0286_steel_v4_S2_RGB_20200601_20200731.tif,1
125,CHN0288,118.20618584715878,39.64162723053201,118.22415215284119,39.65551606641171,CHN0288_steel_v4_S2_RGB_20200601_20200731.tif,1
126,CHN0331,114.9951038471588,30.190147525856183,115.0130701528412,30.205753849480157,CHN0331_steel_v4_S2_RGB_20200601_20200731.tif,1
127,CHN0332,121.18274684715881,37.50950421913616,121.20071315284122,37.523815088963474,CHN0332_steel_v4_S2_RGB_20200601_20200731.tif,1
